timestamp,users_holding
"2020-01-16 06:40:07",0
"2020-01-16 07:40:07",0
"2020-01-16 08:40:07",0
"2020-01-16 09:40:09",0
"2020-01-16 10:40:08",0
"2020-01-16 11:40:08",0
"2020-01-16 12:40:07",0
"2020-01-16 14:06:41",0
"2020-01-16 14:40:15",0
"2020-01-16 15:40:08",0
"2020-01-16 16:40:07",0
"2020-01-16 17:40:09",0
"2020-01-16 18:40:08",0
"2020-01-16 19:40:08",0
"2020-01-16 20:40:07",0
"2020-01-16 21:40:08",0
"2020-01-16 22:40:08",0
"2020-01-16 23:40:09",0
"2020-01-17 00:40:09",0
"2020-01-17 01:40:09",0
"2020-01-17 02:40:07",0
"2020-01-17 03:40:08",0
"2020-01-17 04:40:08",0
"2020-01-17 05:40:07",0
"2020-01-17 06:40:09",0
"2020-01-17 07:40:07",0
"2020-01-17 08:40:08",0
"2020-01-17 09:40:08",0
"2020-01-17 10:40:07",0
"2020-01-17 11:40:09",0
"2020-01-17 12:40:09",0
"2020-01-17 14:04:42",0
"2020-01-17 14:40:08",0
"2020-01-17 15:40:08",0
"2020-01-17 16:40:08",0
"2020-01-17 17:40:09",0
"2020-01-17 18:40:09",0
"2020-01-17 19:40:09",0
"2020-01-17 20:40:08",0
"2020-01-17 21:40:08",0
"2020-01-17 22:40:10",0
"2020-01-17 23:40:08",0
"2020-01-18 00:40:07",0
"2020-01-18 01:40:07",0
"2020-01-18 02:40:08",0
"2020-01-18 03:40:08",0
"2020-01-18 04:40:06",0
"2020-01-18 05:40:08",0
"2020-01-18 06:40:08",0
"2020-01-18 07:40:08",0
"2020-01-18 08:40:09",0
"2020-01-18 09:40:06",0
"2020-01-18 10:40:08",0
"2020-01-18 11:40:08",0
"2020-01-18 12:40:08",0
"2020-01-18 13:40:10",0
"2020-01-18 14:40:08",0
"2020-01-18 15:40:07",0
"2020-01-18 16:40:07",0
"2020-01-18 17:40:09",0
"2020-01-18 18:40:07",0
"2020-01-18 19:40:08",0
"2020-01-18 20:40:08",0
"2020-01-18 21:40:08",0
"2020-01-18 22:40:09",0
"2020-01-18 23:40:08",0
"2020-01-19 00:40:08",0
"2020-01-19 01:40:07",0
"2020-01-19 02:40:07",0
"2020-01-19 03:40:09",0
"2020-01-19 04:40:07",0
"2020-01-19 05:40:08",0
"2020-01-19 06:40:08",0
"2020-01-19 07:40:08",0
"2020-01-19 08:40:09",0
"2020-01-19 09:40:10",0
"2020-01-19 10:40:08",0
"2020-01-19 11:40:07",0
"2020-01-19 12:40:08",0
"2020-01-19 13:40:08",0
"2020-01-19 14:40:07",0
"2020-01-19 15:40:10",0
"2020-01-19 16:40:08",0
"2020-01-19 17:40:07",0
"2020-01-19 18:40:07",0
"2020-01-19 19:40:08",0
"2020-01-19 20:40:07",0
"2020-01-19 21:40:07",0
"2020-01-19 22:40:08",0
"2020-01-19 23:40:08",0
"2020-01-20 00:40:09",0
"2020-01-20 01:40:07",0
"2020-01-20 02:40:08",0
"2020-01-20 03:40:09",0
"2020-01-20 04:40:08",0
"2020-01-20 05:40:08",0
"2020-01-20 06:40:08",0
"2020-01-20 07:40:09",0
"2020-01-20 08:40:09",0
"2020-01-20 09:49:34",0
"2020-01-20 10:40:07",0
"2020-01-20 11:40:11",0
"2020-01-20 12:40:08",0
"2020-01-20 13:40:07",0
"2020-01-20 14:40:08",0
"2020-01-20 15:40:08",0
"2020-01-20 16:40:10",0
"2020-01-20 17:40:08",0
"2020-01-20 18:40:08",0
"2020-01-20 19:40:08",0
"2020-01-20 20:40:08",0
"2020-01-20 21:40:08",0
"2020-01-20 22:40:09",0
"2020-01-20 23:40:08",0
"2020-01-21 00:40:08",0
"2020-01-21 01:40:07",0
"2020-01-21 02:40:09",0
"2020-01-21 03:40:07",0
"2020-01-21 04:40:09",0
"2020-01-21 05:40:08",0
"2020-01-21 06:40:07",0
"2020-01-21 07:40:08",0
"2020-01-21 08:40:09",0
"2020-01-21 09:58:01",0
"2020-01-21 10:40:09",0
"2020-01-21 11:40:08",0
"2020-01-21 12:40:07",0
"2020-01-21 13:40:08",0
"2020-01-21 15:40:09",0
"2020-01-21 16:40:08",0
"2020-01-21 17:40:09",0
"2020-01-21 18:40:10",0
"2020-01-21 19:40:09",0
"2020-01-21 20:40:08",0
"2020-01-21 21:40:07",0
"2020-01-21 22:40:08",0
"2020-01-21 23:40:08",0
"2020-01-22 00:40:08",0
"2020-01-22 01:40:08",0
"2020-01-22 02:40:08",0
"2020-01-22 03:40:08",0
"2020-01-22 04:40:07",0
"2020-01-22 05:40:07",0
"2020-01-22 06:40:09",0
"2020-01-22 07:40:08",0
"2020-01-22 08:40:08",0
"2020-01-22 09:54:14",0
"2020-01-22 10:40:07",0
"2020-01-22 11:40:06",0
"2020-01-22 12:40:09",0
"2020-01-22 13:40:07",0
"2020-01-22 14:40:08",0
"2020-01-22 15:40:08",0
"2020-01-22 16:40:08",0
"2020-01-22 17:40:06",0
"2020-01-22 18:40:08",0
"2020-01-22 19:40:07",0
"2020-01-22 20:40:09",0
"2020-01-22 21:40:10",0
"2020-01-22 22:40:09",0
"2020-01-22 23:40:08",0
"2020-01-23 00:40:09",0
"2020-01-23 01:40:09",0
"2020-01-23 02:40:08",0
"2020-01-23 03:40:08",0
"2020-01-23 04:40:09",0
"2020-01-23 05:40:09",0
"2020-01-23 06:40:09",0
"2020-01-23 07:40:07",0
"2020-01-23 08:40:08",0
"2020-01-23 10:40:08",0
"2020-01-23 11:40:08",0
"2020-01-23 12:40:08",0
"2020-01-23 14:06:11",0
"2020-01-23 14:40:09",0
"2020-01-23 15:40:10",0
"2020-01-23 16:40:09",0
"2020-01-23 17:40:08",0
"2020-01-23 18:40:08",0
"2020-01-23 19:40:08",0
"2020-01-23 20:40:09",0
"2020-01-23 21:40:10",0
"2020-01-23 22:40:11",0
"2020-01-23 23:40:09",0
"2020-01-24 00:40:09",0
"2020-01-24 01:40:08",0
"2020-01-24 02:40:08",0
"2020-01-24 03:40:07",0
"2020-01-24 04:40:08",0
"2020-01-24 05:40:09",0
"2020-01-24 06:40:07",0
"2020-01-24 07:40:07",0
"2020-01-24 08:40:09",0
"2020-01-24 09:52:17",0
"2020-01-24 10:40:09",0
"2020-01-24 11:40:07",0
"2020-01-24 12:40:08",0
"2020-01-24 14:05:12",0
"2020-01-24 14:40:08",0
"2020-01-24 15:40:10",1
"2020-01-24 16:40:09",1
"2020-01-24 17:40:08",1
"2020-01-24 18:40:10",1
"2020-01-24 19:40:10",1
"2020-01-24 20:40:09",1
"2020-01-24 21:40:09",1
"2020-01-24 22:40:09",1
"2020-01-24 23:40:09",1
"2020-01-25 00:40:08",1
"2020-01-25 01:40:10",1
"2020-01-25 02:40:11",1
"2020-01-25 03:40:10",1
"2020-01-25 04:40:08",1
"2020-01-25 05:40:10",1
"2020-01-25 06:40:10",1
"2020-01-25 07:40:10",1
"2020-01-25 08:40:10",1
"2020-01-25 09:52:45",1
"2020-01-25 10:40:11",1
"2020-01-25 11:40:08",1
"2020-01-25 12:40:10",1
"2020-01-25 13:40:09",1
"2020-01-25 14:40:09",1
"2020-01-25 15:40:09",1
"2020-01-25 16:40:11",1
"2020-01-25 17:40:08",1
"2020-01-25 18:40:08",1
"2020-01-25 19:40:08",1
"2020-01-25 20:40:09",1
"2020-01-25 21:40:10",1
"2020-01-25 22:40:08",1
"2020-01-25 23:40:09",1
"2020-01-26 00:40:09",1
"2020-01-26 01:40:09",1
"2020-01-26 02:40:09",1
"2020-01-26 03:40:11",1
"2020-01-26 04:40:09",1
"2020-01-26 05:40:08",1
"2020-01-26 06:40:09",1
"2020-01-26 07:40:10",1
"2020-01-27 02:40:09",1
"2020-01-27 03:40:08",1
"2020-01-27 04:40:10",1
"2020-01-27 05:40:10",1
"2020-01-27 06:40:11",1
"2020-01-27 07:40:08",1
"2020-01-27 08:40:08",1
"2020-01-27 09:40:09",1
"2020-01-27 10:40:09",1
"2020-01-27 11:40:10",1
"2020-01-27 12:40:12",1
"2020-01-27 13:40:10",1
"2020-01-27 14:40:09",1
"2020-01-27 15:40:09",1
"2020-01-27 16:40:09",1
"2020-01-27 17:40:11",1
"2020-01-27 18:40:10",1
"2020-01-27 19:40:09",0
"2020-01-27 20:40:10",0
"2020-01-27 21:40:09",0
"2020-01-27 22:40:08",0
"2020-01-27 23:40:09",0
"2020-01-28 00:40:10",0
"2020-01-28 01:40:10",0
"2020-01-28 02:40:10",0
"2020-01-28 03:40:11",0
"2020-01-28 04:40:10",0
"2020-01-28 05:40:11",0
"2020-01-28 06:40:09",0
"2020-01-28 07:40:09",0
"2020-01-28 08:40:12",0
"2020-01-28 09:40:10",0
"2020-01-28 10:40:08",0
"2020-01-28 11:40:08",0
"2020-01-28 12:40:08",0
"2020-01-28 14:05:44",0
"2020-01-28 14:40:10",0
"2020-01-28 15:40:11",0
"2020-01-28 16:40:13",0
"2020-01-28 17:40:10",0
"2020-01-28 18:40:11",0
"2020-01-28 19:40:11",0
"2020-01-28 21:40:10",0
"2020-01-28 22:40:11",0
"2020-01-28 23:40:13",0
"2020-01-29 00:40:11",0
"2020-01-29 01:40:11",0
"2020-01-29 02:40:15",0
"2020-01-29 03:40:11",0
"2020-01-29 04:40:10",0
"2020-01-29 05:40:11",0
"2020-01-29 06:40:11",0
"2020-01-29 07:40:12",0
"2020-01-29 08:40:14",0
"2020-01-29 09:40:13",0
"2020-01-29 10:40:11",0
"2020-01-29 11:40:09",0
"2020-01-29 12:40:11",0
"2020-01-29 13:40:11",0
"2020-01-29 14:40:13",0
"2020-01-29 15:40:13",0
"2020-01-29 16:40:10",0
"2020-01-29 17:40:12",0
"2020-01-29 18:40:10",0
"2020-01-29 19:40:11",0
"2020-01-29 20:40:11",0
"2020-01-29 21:40:11",0
"2020-01-29 22:40:10",0
"2020-01-29 23:40:12",0
"2020-01-30 00:40:11",0
"2020-01-30 01:40:11",0
"2020-01-30 02:40:12",0
"2020-01-30 03:40:10",0
"2020-01-30 04:40:12",0
"2020-01-30 05:40:11",0
"2020-01-30 06:40:11",0
"2020-01-30 07:40:12",0
"2020-01-30 08:40:11",0
"2020-01-30 09:40:12",0
"2020-01-30 10:40:09",0
"2020-01-30 11:40:10",0
"2020-01-30 12:40:11",0
"2020-01-30 13:40:11",0
"2020-01-30 14:40:13",0
"2020-01-30 15:40:12",0
"2020-01-30 16:40:13",0
"2020-01-30 17:40:12",0
"2020-01-30 18:40:12",0
"2020-01-30 19:40:11",0
"2020-01-30 20:40:10",0
"2020-01-30 21:40:14",0
"2020-01-30 22:40:10",0
"2020-01-30 23:40:10",0
"2020-01-31 00:40:14",0
"2020-01-31 01:40:11",0
"2020-01-31 02:40:10",0
"2020-01-31 03:40:12",0
"2020-01-31 04:40:09",0
"2020-01-31 05:40:10",0
"2020-01-31 06:40:11",0
"2020-01-31 07:40:10",0
"2020-01-31 08:40:14",0
"2020-01-31 09:40:12",0
"2020-01-31 10:40:10",0
"2020-01-31 11:40:11",0
"2020-01-31 12:40:09",0
"2020-01-31 13:40:10",0
"2020-01-31 14:40:10",0
"2020-01-31 15:40:12",0
"2020-01-31 16:40:13",0
"2020-01-31 17:40:10",0
"2020-01-31 18:40:11",0
"2020-01-31 19:40:12",0
"2020-01-31 20:40:10",0
"2020-01-31 21:40:09",0
"2020-01-31 22:40:11",0
"2020-01-31 23:40:10",0
"2020-02-01 00:40:08",0
"2020-02-01 01:41:32",0
"2020-02-01 02:40:12",0
"2020-02-01 03:40:11",0
"2020-02-01 04:40:11",0
"2020-02-01 05:40:10",0
"2020-02-01 06:40:11",0
"2020-02-01 07:40:14",0
"2020-02-01 08:40:12",0
"2020-02-01 09:40:11",0
"2020-02-01 10:40:11",0
"2020-02-01 11:40:09",0
"2020-02-01 12:40:09",0
"2020-02-01 13:40:09",0
"2020-02-01 14:40:10",0
"2020-02-01 15:40:09",0
"2020-02-01 16:40:10",0
"2020-02-01 17:40:09",0
"2020-02-01 18:40:10",0
"2020-02-01 19:40:09",0
"2020-02-01 20:40:12",0
"2020-02-01 21:40:13",0
"2020-02-01 22:40:09",0
"2020-02-01 23:40:10",0
"2020-02-02 00:40:11",0
"2020-02-02 01:40:10",0
"2020-02-02 02:40:10",0
"2020-02-02 03:40:10",0
"2020-02-02 04:40:10",0
"2020-02-02 05:40:07",0
"2020-02-02 06:40:11",0
"2020-02-02 07:40:10",0
"2020-02-02 08:40:10",0
"2020-02-02 09:40:10",0
"2020-02-02 10:40:10",0
"2020-02-02 11:40:08",0
"2020-02-02 12:40:12",0
"2020-02-02 13:40:10",0
"2020-02-02 14:40:10",0
"2020-02-02 15:40:10",0
"2020-02-02 16:40:09",0
"2020-02-02 17:40:10",0
"2020-02-02 18:40:08",0
"2020-02-02 19:40:10",0
"2020-02-02 20:40:09",0
"2020-02-02 21:40:10",0
"2020-02-02 22:40:09",0
"2020-02-02 23:40:11",0
"2020-02-03 00:40:14",0
"2020-02-03 01:40:10",0
"2020-02-03 02:40:09",0
"2020-02-03 03:40:11",0
"2020-02-03 04:40:10",0
"2020-02-03 05:40:10",0
"2020-02-03 06:40:10",0
"2020-02-03 07:40:12",0
"2020-02-03 08:40:11",0
"2020-02-03 09:40:12",0
"2020-02-03 10:40:10",0
"2020-02-03 11:40:11",0
"2020-02-03 12:40:09",0
"2020-02-03 14:42:21",0
"2020-02-03 14:50:07",0
"2020-02-03 15:40:13",0
"2020-02-03 16:40:13",0
"2020-02-03 17:40:11",0
"2020-02-03 18:40:13",0
"2020-02-03 19:40:12",0
"2020-02-03 20:40:13",0
"2020-02-03 21:40:13",0
"2020-02-03 22:40:14",0
"2020-02-03 23:40:13",0
"2020-02-04 00:40:12",0
"2020-02-04 01:40:13",0
"2020-02-04 02:40:10",0
"2020-02-04 03:40:16",0
"2020-02-04 04:40:12",0
"2020-02-04 05:40:13",0
"2020-02-04 06:40:13",0
"2020-02-04 07:40:16",0
"2020-02-04 08:40:11",0
"2020-02-04 09:40:12",0
"2020-02-04 10:40:11",0
"2020-02-04 11:40:13",0
"2020-02-04 12:40:13",0
"2020-02-04 14:09:16",0
"2020-02-04 14:40:12",0
"2020-02-04 15:40:15",0
"2020-02-04 16:40:14",0
"2020-02-04 17:40:11",0
"2020-02-04 18:40:13",0
"2020-02-04 19:40:12",0
"2020-02-04 20:40:11",0
"2020-02-04 21:40:12",0
"2020-02-04 22:40:13",0
"2020-02-04 23:40:12",0
"2020-02-05 00:40:11",0
"2020-02-05 01:40:14",0
"2020-02-05 02:40:12",0
"2020-02-05 03:40:13",0
"2020-02-05 04:40:11",0
"2020-02-05 05:40:12",0
"2020-02-05 06:40:13",0
"2020-02-05 07:40:12",0
"2020-02-05 08:40:14",0
"2020-02-05 09:40:12",0
"2020-02-05 10:40:11",0
"2020-02-05 11:40:15",0
"2020-02-05 12:40:14",0
"2020-02-05 14:03:15",0
"2020-02-05 14:40:11",0
"2020-02-05 15:40:13",0
"2020-02-05 16:40:14",0
"2020-02-05 17:40:13",0
"2020-02-05 18:40:11",0
"2020-02-05 19:40:13",0
"2020-02-05 20:40:12",0
"2020-02-05 21:40:11",0
"2020-02-05 22:40:12",0
"2020-02-05 23:40:16",0
"2020-02-06 00:40:12",0
"2020-02-06 01:40:13",0
"2020-02-06 02:40:15",0
"2020-02-06 03:40:13",0
"2020-02-06 04:40:12",0
"2020-02-06 05:40:12",0
"2020-02-06 06:40:12",0
"2020-02-06 07:40:15",0
"2020-02-06 08:40:13",0
"2020-02-06 09:40:12",0
"2020-02-06 10:40:11",0
"2020-02-06 11:40:12",0
"2020-02-06 12:40:12",0
"2020-02-06 13:40:11",0
"2020-02-06 14:40:13",0
"2020-02-06 15:40:13",0
"2020-02-06 16:40:12",0
"2020-02-06 17:40:12",0
"2020-02-06 18:40:13",0
"2020-02-06 19:40:12",0
"2020-02-06 20:40:13",0
"2020-02-06 21:40:13",0
"2020-02-06 22:40:11",0
"2020-02-06 23:40:12",0
"2020-02-07 00:40:12",0
"2020-02-07 01:40:13",0
"2020-02-07 02:40:12",0
"2020-02-07 03:40:13",0
"2020-02-07 04:40:12",0
"2020-02-07 05:40:14",0
"2020-02-07 06:40:13",0
"2020-02-07 07:40:12",0
"2020-02-07 08:40:14",0
"2020-02-07 09:40:13",0
"2020-02-07 10:40:16",0
"2020-02-07 11:40:12",0
"2020-02-07 12:40:11",0
"2020-02-07 14:04:44",0
"2020-02-07 14:40:13",0
"2020-02-07 15:40:13",0
"2020-02-07 16:40:10",0
"2020-02-07 17:40:13",0
"2020-02-07 18:40:13",0
"2020-02-07 19:40:11",0
"2020-02-07 20:40:13",0
"2020-02-07 21:40:12",0
"2020-02-07 22:40:13",0
"2020-02-07 23:40:12",0
"2020-02-08 00:40:12",0
"2020-02-08 01:40:12",0
"2020-02-08 02:40:13",0
"2020-02-08 03:40:12",0
"2020-02-08 04:40:12",0
"2020-02-08 05:40:12",0
"2020-02-08 06:40:13",0
"2020-02-08 07:40:12",0
"2020-02-08 08:40:12",0
"2020-02-08 09:40:15",0
"2020-02-08 10:40:12",0
"2020-02-08 11:40:13",0
"2020-02-08 12:40:11",0
"2020-02-08 13:40:11",0
"2020-02-08 14:40:12",0
"2020-02-08 15:40:12",0
"2020-02-08 16:40:12",0
"2020-02-08 17:40:12",0
"2020-02-08 18:40:19",0
"2020-02-08 19:40:12",0
"2020-02-08 20:40:12",0
"2020-02-08 21:40:11",0
"2020-02-08 22:40:13",0
"2020-02-08 23:40:12",0
"2020-02-09 00:40:11",0
"2020-02-09 01:40:12",0
"2020-02-09 02:40:14",0
"2020-02-09 03:40:12",0
"2020-02-09 04:40:13",0
"2020-02-09 05:40:13",0
"2020-02-09 06:40:16",0
"2020-02-09 07:40:12",0
"2020-02-09 08:40:15",0
"2020-02-09 09:40:11",0
"2020-02-09 10:40:13",0
"2020-02-09 11:40:14",0
"2020-02-09 12:40:13",0
"2020-02-09 13:40:12",0
"2020-02-09 14:40:13",0
"2020-02-09 15:40:12",0
"2020-02-09 16:40:14",0
"2020-02-09 17:40:13",0
"2020-02-09 18:40:13",0
"2020-02-09 19:40:13",0
"2020-02-09 20:40:12",0
"2020-02-09 21:40:16",0
"2020-02-09 22:40:11",0
"2020-02-09 23:40:13",0
"2020-02-10 00:40:12",0
"2020-02-10 01:40:12",0
"2020-02-10 02:40:13",0
"2020-02-10 03:40:12",0
"2020-02-10 04:40:12",0
"2020-02-10 05:40:15",0
"2020-02-10 06:40:15",0
"2020-02-10 07:40:12",0
"2020-02-10 08:40:12",0
"2020-02-10 09:40:12",0
"2020-02-10 10:40:14",0
"2020-02-10 11:40:13",0
"2020-02-10 12:40:13",0
"2020-02-10 13:40:13",0
"2020-02-10 14:40:15",0
"2020-02-10 15:40:17",0
"2020-02-10 16:40:15",0
"2020-02-10 17:40:14",0
"2020-02-10 18:40:12",0
"2020-02-10 19:40:12",0
"2020-02-10 20:40:14",0
"2020-02-10 21:40:13",0
"2020-02-10 22:40:14",0
"2020-02-10 23:40:12",0
"2020-02-11 00:40:14",0
"2020-02-11 01:40:15",0
"2020-02-11 02:40:12",0
"2020-02-11 03:40:13",0
"2020-02-11 04:40:13",0
"2020-02-11 05:40:12",0
"2020-02-11 06:40:14",0
"2020-02-11 07:40:14",0
"2020-02-11 08:40:14",0
"2020-02-11 09:40:15",0
"2020-02-11 10:40:12",0
"2020-02-11 11:40:14",0
"2020-02-11 12:40:14",0
"2020-02-11 14:05:16",0
"2020-02-11 14:40:15",0
"2020-02-11 15:40:15",0
"2020-02-11 16:40:16",0
"2020-02-11 17:40:14",0
"2020-02-11 18:40:15",0
"2020-02-11 19:40:15",0
"2020-02-11 20:40:12",0
"2020-02-11 21:40:16",0
"2020-02-11 22:40:14",0
"2020-02-11 23:40:13",0
"2020-02-12 00:40:13",0
"2020-02-12 01:40:14",0
"2020-02-12 02:40:14",0
"2020-02-12 03:40:12",0
"2020-02-12 04:40:13",0
"2020-02-12 05:40:13",0
"2020-02-12 06:40:15",0
"2020-02-12 07:40:14",0
"2020-02-12 08:40:13",0
"2020-02-12 09:40:14",0
"2020-02-12 10:40:13",0
"2020-02-12 11:40:13",0
"2020-02-12 12:40:15",0
"2020-02-12 14:05:16",0
"2020-02-12 14:40:15",0
"2020-02-12 15:40:14",0
"2020-02-12 16:40:13",0
"2020-02-12 17:40:13",0
"2020-02-12 18:40:14",0
"2020-02-12 19:40:13",0
"2020-02-12 20:40:16",0
"2020-02-12 21:40:13",0
"2020-02-12 22:40:13",0
"2020-02-12 23:40:13",0
"2020-02-13 00:40:13",0
"2020-02-13 01:40:13",0
"2020-02-13 02:40:13",0
"2020-02-13 03:40:13",0
"2020-02-13 04:40:12",0
"2020-02-13 05:40:12",0
"2020-02-13 06:40:15",0
"2020-02-13 07:40:12",0
"2020-02-13 08:40:13",0
"2020-02-13 09:40:14",0
"2020-02-13 10:40:12",0
"2020-02-13 11:40:14",0
"2020-02-13 12:40:13",0
"2020-02-13 14:05:15",0
"2020-02-13 14:40:12",0
"2020-02-13 15:40:15",0
"2020-02-13 16:40:13",0
"2020-02-13 17:40:13",0
"2020-02-13 18:40:13",0
"2020-02-13 19:40:13",0
"2020-02-13 20:40:14",0
"2020-02-13 21:40:13",0
"2020-02-13 22:40:13",0
"2020-02-13 23:40:12",0
"2020-02-14 00:40:13",0
"2020-02-14 01:40:12",0
"2020-02-14 02:40:13",0
"2020-02-14 03:40:12",0
"2020-02-14 04:40:11",0
"2020-02-14 05:40:14",0
"2020-02-14 06:40:13",0
"2020-02-14 07:40:11",0
"2020-02-14 08:40:14",0
"2020-02-14 09:40:13",0
"2020-02-14 10:40:12",0
"2020-02-14 11:40:15",0
"2020-02-14 12:40:12",0
"2020-02-14 13:40:14",0
"2020-02-14 14:40:12",0
"2020-02-14 15:40:15",0
"2020-02-14 16:40:12",0
"2020-02-14 17:40:14",0
"2020-02-14 18:40:12",0
"2020-02-14 19:40:12",0
"2020-02-14 20:40:13",0
"2020-02-14 21:40:11",0
"2020-02-14 22:40:11",0
"2020-02-14 23:40:12",0
"2020-02-15 00:40:13",0
"2020-02-15 01:40:13",0
"2020-02-15 02:40:12",0
"2020-02-15 03:40:14",0
"2020-02-15 04:40:14",0
"2020-02-15 05:40:12",0
"2020-02-15 06:40:13",0
"2020-02-15 07:40:14",0
"2020-02-15 08:40:11",0
"2020-02-15 09:40:13",0
"2020-02-15 10:40:11",0
"2020-02-15 11:40:13",0
"2020-02-15 12:40:13",0
"2020-02-15 13:40:12",0
"2020-02-15 14:40:14",0
"2020-02-15 15:40:13",0
"2020-02-15 16:40:12",0
"2020-02-15 17:40:13",0
"2020-02-15 18:40:13",0
"2020-02-15 19:40:12",0
"2020-02-15 20:40:12",0
"2020-02-15 21:40:12",0
"2020-02-15 22:40:12",0
"2020-02-15 23:40:13",0
"2020-02-16 00:40:11",0
"2020-02-16 01:40:12",0
"2020-02-16 02:40:11",0
"2020-02-16 03:40:12",0
"2020-02-16 04:40:12",0
"2020-02-16 05:40:13",0
"2020-02-16 06:40:11",0
"2020-02-16 07:40:12",0
"2020-02-16 08:40:13",0
"2020-02-16 09:40:12",0
"2020-02-16 10:40:13",0
"2020-02-16 11:40:13",0
"2020-02-16 12:40:13",0
"2020-02-16 13:40:12",0
"2020-02-16 14:40:13",0
"2020-02-16 15:40:16",0
"2020-02-16 16:40:13",0
"2020-02-16 17:40:13",0
"2020-02-16 18:40:14",0
"2020-02-16 19:40:13",0
"2020-02-16 20:40:12",0
"2020-02-16 21:40:12",0
"2020-02-16 22:40:13",0
"2020-02-16 23:40:13",0
"2020-02-17 00:40:13",0
"2020-02-17 01:40:10",0
"2020-02-17 02:40:12",0
"2020-02-17 03:40:13",0
"2020-02-17 04:40:13",0
"2020-02-17 05:40:12",0
"2020-02-17 06:40:14",0
"2020-02-17 07:40:13",0
"2020-02-17 08:40:12",0
"2020-02-17 09:40:13",0
"2020-02-17 10:40:13",0
"2020-02-17 11:40:13",0
"2020-02-17 12:40:12",0
"2020-02-17 13:40:12",0
"2020-02-17 14:40:11",0
"2020-02-17 15:40:14",0
"2020-02-17 16:40:14",0
"2020-02-17 17:40:12",0
"2020-02-17 18:40:13",0
"2020-02-17 19:40:12",0
"2020-02-17 20:40:13",0
"2020-02-17 21:40:12",0
"2020-02-17 22:40:12",0
"2020-02-17 23:40:12",0
"2020-02-18 00:40:12",0
"2020-02-18 01:40:12",0
"2020-02-18 02:40:13",0
"2020-02-18 03:40:13",0
"2020-02-18 04:40:13",0
"2020-02-18 05:40:14",0
"2020-02-18 06:40:12",0
"2020-02-18 07:40:12",0
"2020-02-18 08:40:13",0
"2020-02-18 09:40:13",0
"2020-02-18 10:40:12",0
"2020-02-18 11:40:13",0
"2020-02-18 12:40:14",0
"2020-02-18 14:05:46",0
"2020-02-18 14:40:12",0
"2020-02-18 15:40:13",0
"2020-02-18 16:40:13",0
"2020-02-18 17:40:12",0
"2020-02-18 18:40:13",0
"2020-02-18 19:40:12",0
"2020-02-18 20:40:13",0
"2020-02-18 21:40:12",0
"2020-02-18 22:40:12",0
"2020-02-18 23:40:13",0
"2020-02-19 00:40:13",0
"2020-02-19 01:40:12",0
"2020-02-19 02:40:13",0
"2020-02-19 03:40:15",0
"2020-02-19 04:40:13",0
"2020-02-19 05:40:13",0
"2020-02-19 06:40:12",0
"2020-02-19 07:40:13",0
"2020-02-19 08:40:13",0
"2020-02-19 09:40:12",0
"2020-02-19 10:40:12",0
"2020-02-19 11:40:12",0
"2020-02-19 12:40:13",0
"2020-02-19 14:07:16",0
"2020-02-19 14:40:13",0
"2020-02-19 15:40:13",0
"2020-02-19 16:40:13",0
"2020-02-19 17:40:13",0
"2020-02-19 18:40:14",0
"2020-02-19 19:40:12",0
"2020-02-19 20:40:12",0
"2020-02-19 21:40:13",0
"2020-02-19 22:40:13",0
"2020-02-19 23:40:13",0
"2020-02-20 00:40:13",0
"2020-02-20 01:40:13",0
"2020-02-20 02:40:12",0
"2020-02-20 03:40:13",0
"2020-02-20 04:40:12",0
"2020-02-20 05:40:12",0
"2020-02-20 06:40:12",0
"2020-02-20 07:40:12",0
"2020-02-20 08:40:11",0
"2020-02-20 09:40:14",0
"2020-02-20 10:40:12",0
"2020-02-20 11:40:11",0
"2020-02-20 12:40:13",0
"2020-02-20 13:40:13",0
"2020-02-20 14:40:13",0
"2020-02-20 15:40:11",0
"2020-02-20 16:40:12",0
"2020-02-20 17:40:12",0
"2020-02-20 18:40:12",0
"2020-02-20 19:40:13",0
"2020-02-20 20:40:15",0
"2020-02-20 21:40:12",0
"2020-02-20 22:40:12",0
"2020-02-20 23:40:14",0
"2020-02-21 00:40:12",0
"2020-02-21 01:40:12",0
"2020-02-21 02:40:13",0
"2020-02-21 03:40:13",0
"2020-02-21 04:40:14",0
"2020-02-21 05:40:13",0
"2020-02-21 06:40:13",0
"2020-02-21 07:40:13",0
"2020-02-21 08:40:15",0
"2020-02-21 09:40:14",0
"2020-02-21 10:40:16",0
"2020-02-21 11:40:14",0
"2020-02-21 12:40:13",0
"2020-02-21 13:40:14",0
"2020-02-21 14:40:12",0
"2020-02-21 15:40:15",0
"2020-02-21 16:40:13",0
"2020-02-21 17:40:14",0
"2020-02-21 18:40:13",0
"2020-02-21 19:40:14",0
"2020-02-21 20:40:13",0
"2020-02-21 21:40:12",0
"2020-02-21 22:40:12",0
"2020-02-21 23:40:15",0
"2020-02-22 00:40:14",0
"2020-02-22 01:40:13",0
"2020-02-22 02:40:12",0
"2020-02-22 03:40:13",0
"2020-02-22 04:40:13",0
"2020-02-22 05:40:14",0
"2020-02-22 06:40:13",0
"2020-02-22 07:40:15",0
"2020-02-22 08:40:14",0
"2020-02-22 09:40:13",0
"2020-02-22 10:40:13",0
"2020-02-22 11:40:13",0
"2020-02-22 12:40:12",0
"2020-02-22 13:40:15",0
"2020-02-22 14:40:12",0
"2020-02-22 15:40:13",0
"2020-02-22 16:40:14",0
"2020-02-22 17:40:14",0
"2020-02-22 18:40:13",0
"2020-02-22 19:40:13",0
"2020-02-22 20:40:14",0
"2020-02-22 21:40:15",0
"2020-02-22 22:40:14",0
"2020-02-22 23:40:11",0
"2020-02-23 00:40:12",0
"2020-02-23 01:40:13",0
"2020-02-23 02:40:14",0
"2020-02-23 03:40:13",0
"2020-02-23 04:40:15",0
"2020-02-23 05:40:14",0
"2020-02-23 06:40:12",0
"2020-02-23 07:40:15",0
"2020-02-23 08:40:13",0
"2020-02-23 09:40:13",0
"2020-02-23 10:40:13",0
"2020-02-23 11:40:12",0
"2020-02-23 12:40:14",0
"2020-02-23 13:40:12",0
"2020-02-23 14:40:13",0
"2020-02-23 15:40:12",0
"2020-02-23 16:40:12",0
"2020-02-23 17:40:15",0
"2020-02-23 18:40:13",0
"2020-02-23 19:40:13",0
"2020-02-23 20:40:13",0
"2020-02-23 21:40:13",0
"2020-02-23 22:40:12",0
"2020-02-23 23:40:14",0
"2020-02-24 00:40:16",0
"2020-02-24 01:40:13",0
"2020-02-24 02:40:13",0
"2020-02-24 03:40:13",0
"2020-02-24 04:40:14",0
"2020-02-24 05:40:15",0
"2020-02-24 06:40:12",0
"2020-02-24 07:40:13",0
"2020-02-24 08:40:13",0
"2020-02-24 09:53:43",0
"2020-02-24 10:40:12",0
"2020-02-24 11:40:13",0
"2020-02-24 12:40:12",0
"2020-02-24 13:40:13",0
"2020-02-24 14:40:18",0
"2020-02-24 15:40:16",0
"2020-02-24 16:40:15",0
"2020-02-24 17:40:15",0
"2020-02-24 18:40:16",0
"2020-02-24 19:40:16",0
"2020-02-24 20:40:16",0
"2020-02-24 21:40:16",0
"2020-02-24 22:40:17",0
"2020-02-24 23:40:15",0
"2020-02-25 00:40:17",0
"2020-02-25 01:40:15",0
"2020-02-25 02:40:17",0
"2020-02-25 03:40:18",0
"2020-02-25 04:40:17",0
"2020-02-25 05:40:16",0
"2020-02-25 06:40:16",0
"2020-02-25 07:40:15",0
"2020-02-25 08:40:16",0
"2020-02-25 09:54:27",0
"2020-02-25 10:40:16",0
"2020-02-25 11:40:18",0
"2020-02-25 12:40:16",0
"2020-02-25 14:06:45",0
"2020-02-25 14:40:16",0
"2020-02-25 15:40:16",0
"2020-02-25 16:40:16",0
"2020-02-25 17:40:16",0
"2020-02-25 18:40:16",0
"2020-02-25 19:40:15",0
"2020-02-25 20:40:17",0
"2020-02-25 21:40:16",0
"2020-02-25 22:40:15",0
"2020-02-25 23:40:16",0
"2020-02-26 00:40:16",0
"2020-02-26 01:40:15",0
"2020-02-26 02:40:16",0
"2020-02-26 03:40:15",0
"2020-02-26 04:40:16",0
"2020-02-26 05:40:16",0
"2020-02-26 06:40:17",0
"2020-02-26 07:40:16",0
"2020-02-26 08:40:16",0
"2020-02-26 09:40:17",0
"2020-02-26 10:40:16",0
"2020-02-26 11:40:16",0
"2020-02-26 12:40:16",0
"2020-02-26 13:40:15",0
"2020-02-26 14:40:15",0
"2020-02-26 15:40:17",0
"2020-02-26 16:40:16",0
"2020-02-26 17:40:19",0
"2020-02-26 18:40:15",0
"2020-02-26 19:40:17",0
"2020-02-26 20:40:16",0
"2020-02-26 21:40:15",0
"2020-02-26 22:40:15",0
"2020-02-26 23:40:16",0
"2020-02-27 00:40:16",0
"2020-02-27 01:40:15",0
"2020-02-27 02:40:15",0
"2020-02-27 03:40:17",0
"2020-02-27 04:40:14",0
"2020-02-27 05:40:18",0
"2020-02-27 06:40:15",0
"2020-02-27 07:40:16",0
"2020-02-27 08:40:17",0
"2020-02-27 09:40:17",0
"2020-02-27 10:40:16",0
"2020-02-27 11:40:17",0
"2020-02-27 12:40:15",0
"2020-02-27 14:05:16",0
"2020-02-27 14:40:16",0
"2020-02-27 15:40:16",0
"2020-02-27 16:40:14",0
"2020-02-27 17:40:14",0
"2020-02-27 18:40:15",0
"2020-02-27 19:40:14",0
"2020-02-27 20:40:16",0
"2020-02-27 21:40:17",0
"2020-02-27 22:40:16",0
"2020-02-27 23:40:16",0
"2020-02-28 00:40:18",0
"2020-02-28 01:40:15",0
"2020-02-28 02:40:17",0
"2020-02-28 03:40:17",0
"2020-02-28 04:40:20",0
"2020-02-28 05:40:17",0
"2020-02-28 06:40:16",0
"2020-02-28 07:40:18",0
"2020-02-28 08:40:18",0
"2020-02-28 09:40:19",0
"2020-02-28 10:40:17",0
"2020-02-28 11:40:18",0
"2020-02-28 12:40:17",0
"2020-02-28 14:05:49",0
"2020-02-28 14:40:17",0
"2020-02-28 15:40:17",0
"2020-02-28 16:40:17",0
"2020-02-28 17:40:17",0
"2020-02-28 18:40:16",0
"2020-02-28 19:40:17",0
"2020-02-28 20:40:17",0
"2020-02-28 21:40:16",0
"2020-02-28 22:40:17",0
"2020-02-28 23:40:16",0
"2020-02-29 00:40:15",0
"2020-02-29 01:40:16",0
"2020-02-29 02:40:17",0
"2020-02-29 03:40:16",0
"2020-02-29 04:40:16",0
"2020-02-29 05:40:18",0
"2020-02-29 06:40:18",0
"2020-02-29 07:40:21",0
"2020-02-29 08:40:20",0
"2020-02-29 09:40:19",0
"2020-02-29 10:40:16",0
"2020-02-29 11:40:16",0
"2020-02-29 12:40:18",0
"2020-02-29 13:40:19",0
"2020-02-29 14:40:15",0
"2020-02-29 15:40:15",0
"2020-02-29 16:40:17",0
"2020-02-29 17:40:17",0
"2020-02-29 18:40:16",0
"2020-02-29 19:40:17",0
"2020-02-29 20:40:16",0
"2020-02-29 21:40:16",0
"2020-02-29 22:40:22",0
"2020-02-29 23:40:18",0
"2020-03-01 00:40:19",0
"2020-03-01 01:40:19",0
"2020-03-01 02:40:17",0
"2020-03-01 03:40:19",0
"2020-03-01 04:40:16",0
"2020-03-01 05:40:16",0
"2020-03-01 06:40:17",0
"2020-03-01 07:40:17",0
"2020-03-01 08:40:17",0
"2020-03-01 09:40:19",0
"2020-03-01 10:40:19",0
"2020-03-01 11:40:16",0
"2020-03-01 12:40:17",0
"2020-03-01 13:40:17",0
"2020-03-01 14:40:16",0
"2020-03-01 15:40:19",0
"2020-03-01 16:40:17",0
"2020-03-01 17:40:19",0
"2020-03-01 18:40:21",0
"2020-03-01 19:40:19",0
"2020-03-01 20:40:19",0
"2020-03-01 21:40:16",0
"2020-03-01 22:40:17",0
"2020-03-01 23:40:19",0
"2020-03-02 00:40:16",0
"2020-03-02 01:40:17",0
"2020-03-02 02:40:18",0
"2020-03-02 03:40:20",0
"2020-03-02 04:40:18",0
"2020-03-02 05:40:19",0
"2020-03-02 07:40:17",0
"2020-03-02 08:40:18",0
"2020-03-02 09:40:19",0
"2020-03-02 10:40:17",0
"2020-03-02 11:40:15",0
"2020-03-02 12:40:17",0
"2020-03-02 13:40:19",0
"2020-03-02 16:40:16",0
"2020-03-02 18:40:17",0
"2020-03-03 00:40:16",0
"2020-03-03 01:40:18",0
"2020-03-03 02:40:19",0
"2020-03-03 03:40:17",0
"2020-03-03 04:40:18",0
"2020-03-03 05:40:20",0
"2020-03-03 06:40:20",0
"2020-03-03 07:40:19",0
"2020-03-03 08:40:21",0
"2020-03-03 09:40:21",0
"2020-03-03 10:40:18",0
"2020-03-03 11:40:21",0
"2020-03-03 12:40:17",0
"2020-03-03 13:40:21",0
"2020-03-03 14:40:20",0
"2020-03-03 16:40:21",0
"2020-03-03 17:40:21",0
"2020-03-03 18:40:17",0
"2020-03-03 19:40:17",0
"2020-03-03 20:40:18",0
"2020-03-03 21:40:17",0
"2020-03-03 22:40:22",0
"2020-03-03 23:40:19",0
"2020-03-04 00:40:18",0
"2020-03-04 01:40:20",0
"2020-03-04 02:40:18",0
"2020-03-04 03:40:18",0
"2020-03-04 04:40:23",0
"2020-03-04 05:40:18",0
"2020-03-04 06:40:19",0
"2020-03-04 07:40:16",0
"2020-03-04 08:40:19",0
"2020-03-04 09:40:21",0
"2020-03-04 10:40:18",0
"2020-03-04 11:40:20",0
"2020-03-04 12:40:20",0
"2020-03-04 13:40:17",0
"2020-03-04 14:40:16",0
"2020-03-04 15:40:23",0
"2020-03-04 16:40:16",0
"2020-03-04 17:40:18",0
"2020-03-04 18:40:19",0
"2020-03-04 19:40:20",0
"2020-03-04 20:40:20",0
"2020-03-04 21:40:17",0
"2020-03-04 22:40:19",0
"2020-03-04 23:40:18",0
"2020-03-05 00:40:18",0
"2020-03-05 01:40:19",0
"2020-03-05 02:40:16",0
"2020-03-05 03:40:16",0
"2020-03-05 04:40:17",0
"2020-03-05 05:40:18",0
"2020-03-05 06:40:17",0
"2020-03-05 07:40:18",0
"2020-03-05 08:40:21",0
"2020-03-05 09:40:18",0
"2020-03-05 10:40:17",0
"2020-03-05 11:40:16",0
"2020-03-05 12:40:17",0
"2020-03-05 13:40:19",0
"2020-03-05 14:40:19",0
"2020-03-05 15:40:19",0
"2020-03-05 16:40:20",0
"2020-03-05 17:40:16",0
"2020-03-05 18:40:17",0
"2020-03-05 19:40:17",0
"2020-03-05 20:40:17",0
"2020-03-05 21:40:16",0
"2020-03-05 22:40:19",0
"2020-03-05 23:40:20",0
"2020-03-06 00:40:16",0
"2020-03-06 01:40:16",0
"2020-03-06 02:40:20",0
"2020-03-06 03:40:19",0
"2020-03-06 04:40:20",0
"2020-03-06 05:40:19",0
"2020-03-06 06:40:19",0
"2020-03-06 07:40:20",0
"2020-03-06 08:40:17",0
"2020-03-06 09:40:21",0
"2020-03-06 10:40:18",0
"2020-03-06 11:40:21",0
"2020-03-06 12:40:17",0
"2020-03-06 13:40:15",0
"2020-03-06 14:40:20",0
"2020-03-06 15:40:17",0
"2020-03-06 16:40:17",0
"2020-03-06 17:40:18",0
"2020-03-06 18:40:17",0
"2020-03-06 19:40:18",0
"2020-03-06 20:40:16",0
"2020-03-06 21:40:16",0
"2020-03-06 22:40:17",0
"2020-03-06 23:40:18",0
"2020-03-07 00:40:16",0
"2020-03-07 01:40:17",0
"2020-03-07 02:40:17",0
"2020-03-07 03:40:21",0
"2020-03-07 04:40:19",0
"2020-03-07 05:40:19",0
"2020-03-07 06:40:19",0
"2020-03-07 07:40:21",0
"2020-03-07 08:40:19",0
"2020-03-07 09:40:18",0
"2020-03-07 10:40:18",0
"2020-03-07 11:40:20",0
"2020-03-07 12:40:17",0
"2020-03-07 13:40:17",0
"2020-03-07 14:40:17",0
"2020-03-07 15:40:19",0
"2020-03-07 16:40:15",0
"2020-03-07 17:40:18",0
"2020-03-07 18:40:17",0
"2020-03-07 19:40:17",0
"2020-03-07 20:40:21",0
"2020-03-07 21:40:20",0
"2020-03-07 22:40:21",0
"2020-03-07 23:40:19",0
"2020-03-08 00:40:17",0
"2020-03-08 01:40:18",0
"2020-03-08 02:40:19",0
"2020-03-08 03:40:19",0
"2020-03-08 04:40:19",0
"2020-03-08 05:40:22",0
"2020-03-08 06:40:18",0
"2020-03-08 07:40:21",0
"2020-03-08 08:40:21",0
"2020-03-08 09:40:19",0
"2020-03-08 10:40:22",0
"2020-03-08 11:40:18",0
"2020-03-08 12:40:21",0
"2020-03-08 13:40:21",0
"2020-03-08 14:40:16",0
"2020-03-08 15:40:21",0
"2020-03-08 16:40:16",0
"2020-03-08 17:40:18",0
"2020-03-08 18:40:21",0
"2020-03-08 19:40:19",0
"2020-03-08 20:40:17",0
"2020-03-08 21:40:17",0
"2020-03-08 22:40:19",0
"2020-03-08 23:40:18",0
"2020-03-09 00:40:20",0
"2020-03-09 01:40:16",0
"2020-03-09 02:40:20",0
"2020-03-09 03:40:20",0
"2020-03-09 04:40:20",0
"2020-03-09 05:40:17",0
"2020-03-09 06:40:18",0
"2020-03-09 07:40:16",0
"2020-03-09 08:40:17",0
"2020-03-09 09:40:17",0
"2020-03-09 10:40:19",0
"2020-03-09 11:40:20",0
"2020-03-09 12:40:17",0
"2020-03-09 13:40:18",0
"2020-03-09 14:40:21",0
"2020-03-09 15:40:18",0
"2020-03-09 16:40:17",0
"2020-03-09 17:40:17",0
"2020-03-09 18:40:16",0
"2020-03-09 19:40:17",0
"2020-03-09 20:40:17",0
"2020-03-09 21:40:19",0
"2020-03-09 22:40:19",0
"2020-03-09 23:40:19",0
"2020-03-10 00:40:16",0
"2020-03-10 01:40:19",0
"2020-03-10 02:40:18",0
"2020-03-10 03:40:21",0
"2020-03-10 04:40:18",0
"2020-03-10 06:40:20",0
"2020-03-10 07:40:23",0
"2020-03-10 08:40:18",0
"2020-03-10 09:40:19",0
"2020-03-10 10:40:19",0
"2020-03-10 11:40:19",0
"2020-03-10 12:40:17",0
"2020-03-10 13:40:19",0
"2020-03-10 14:40:22",0
"2020-03-10 15:40:20",0
"2020-03-10 16:40:17",0
"2020-03-10 17:40:19",0
"2020-03-10 18:40:19",0
"2020-03-10 19:40:20",0
"2020-03-10 20:40:23",0
"2020-03-10 21:40:20",0
"2020-03-10 22:40:20",0
"2020-03-10 23:40:16",0
"2020-03-11 00:40:19",0
"2020-03-11 01:40:20",0
"2020-03-11 02:40:19",0
"2020-03-11 03:40:17",0
"2020-03-11 04:40:17",0
"2020-03-11 05:40:22",0
"2020-03-11 06:40:19",0
"2020-03-11 07:40:16",0
"2020-03-11 08:40:17",0
"2020-03-11 09:40:16",0
"2020-03-11 10:40:17",0
"2020-03-11 11:40:19",0
"2020-03-11 12:40:20",0
"2020-03-11 13:40:22",0
"2020-03-11 14:40:17",0
"2020-03-11 15:40:17",0
"2020-03-11 16:40:20",0
"2020-03-11 17:40:17",0
"2020-03-11 18:40:17",0
"2020-03-11 19:40:20",0
"2020-03-11 20:40:20",0
"2020-03-11 21:40:17",0
"2020-03-11 22:40:16",0
"2020-03-11 23:40:17",0
"2020-03-12 00:40:16",0
"2020-03-12 01:40:19",0
"2020-03-12 02:40:17",0
"2020-03-12 03:40:18",0
"2020-03-12 04:40:20",0
"2020-03-12 05:40:17",0
"2020-03-12 06:40:17",0
"2020-03-12 07:40:16",0
"2020-03-12 08:40:23",0
"2020-03-12 09:40:19",0
"2020-03-12 10:40:19",0
"2020-03-12 11:40:19",0
"2020-03-12 12:40:21",0
"2020-03-12 13:40:21",0
"2020-03-12 14:40:17",0
"2020-03-12 15:40:18",0
"2020-03-12 16:40:19",0
"2020-03-12 17:40:17",0
"2020-03-12 18:40:22",0
"2020-03-12 19:40:19",0
"2020-03-12 20:40:18",0
"2020-03-12 21:40:21",0
"2020-03-12 22:40:17",0
"2020-03-12 23:40:23",0
"2020-03-13 00:40:22",0
"2020-03-13 01:40:17",0
"2020-03-13 02:40:21",0
"2020-03-13 03:40:21",0
"2020-03-13 04:40:16",0
"2020-03-13 05:40:17",0
"2020-03-13 06:40:22",0
"2020-03-13 07:40:21",0
"2020-03-13 08:40:23",0
"2020-03-13 09:40:20",0
"2020-03-13 10:40:17",0
"2020-03-13 11:40:18",0
"2020-03-13 13:05:18",0
"2020-03-13 13:40:20",0
"2020-03-13 14:40:19",0
"2020-03-13 15:40:19",0
"2020-03-13 16:40:23",0
"2020-03-13 17:40:20",0
"2020-03-13 18:40:22",0
"2020-03-13 19:40:21",0
"2020-03-13 20:40:18",0
"2020-03-13 21:40:18",0
"2020-03-13 22:40:19",0
"2020-03-13 23:40:20",0
"2020-03-14 00:40:19",0
"2020-03-14 01:40:22",0
"2020-03-14 02:40:21",0
"2020-03-14 03:40:18",0
"2020-03-14 04:40:22",0
"2020-03-14 05:40:22",0
"2020-03-14 06:40:19",0
"2020-03-14 07:40:22",0
"2020-03-14 08:40:21",0
"2020-03-14 09:40:21",0
"2020-03-14 10:40:18",0
"2020-03-14 11:40:17",0
"2020-03-14 12:40:18",0
"2020-03-14 13:40:20",0
"2020-03-14 14:40:20",0
"2020-03-14 15:40:19",0
"2020-03-14 16:40:22",0
"2020-03-14 17:40:19",0
"2020-03-14 18:40:21",0
"2020-03-14 19:40:19",0
"2020-03-14 20:40:22",0
"2020-03-14 21:40:21",0
"2020-03-14 22:40:21",0
"2020-03-14 23:40:20",0
"2020-03-15 00:40:19",0
"2020-03-15 01:40:18",0
"2020-03-15 02:40:22",0
"2020-03-15 03:40:21",0
"2020-03-15 04:40:18",0
"2020-03-15 05:40:22",0
"2020-03-15 06:40:19",0
"2020-03-15 07:40:24",0
"2020-03-15 08:58:03",0
"2020-03-15 09:40:18",0
"2020-03-15 10:40:20",0
"2020-03-15 11:40:22",0
"2020-03-15 12:40:23",0
"2020-03-15 13:40:18",0
"2020-03-15 14:40:19",0
"2020-03-15 15:40:18",0
"2020-03-15 16:40:20",0
"2020-03-15 17:40:18",0
"2020-03-15 18:40:21",0
"2020-03-15 19:40:21",0
"2020-03-15 20:40:19",0
"2020-03-15 21:40:19",0
"2020-03-15 22:40:21",0
"2020-03-15 23:40:20",0
"2020-03-16 00:40:18",0
"2020-03-16 01:40:18",0
"2020-03-16 02:40:17",0
"2020-03-16 03:40:23",0
"2020-03-16 04:40:21",0
"2020-03-16 05:40:22",0
"2020-03-16 06:40:18",0
"2020-03-16 07:40:22",0
"2020-03-16 08:56:40",0
"2020-03-16 09:40:20",0
"2020-03-16 10:40:18",0
"2020-03-16 11:40:20",0
"2020-03-16 13:06:49",0
"2020-03-16 13:40:23",0
"2020-03-16 14:40:19",0
"2020-03-16 15:40:21",0
"2020-03-16 16:40:17",0
"2020-03-16 17:40:19",0
"2020-03-16 18:40:19",0
"2020-03-16 19:40:22",0
"2020-03-16 20:40:18",0
"2020-03-16 21:40:17",0
"2020-03-16 22:40:17",0
"2020-03-16 23:40:21",0
"2020-03-17 00:40:20",0
"2020-03-17 01:40:20",0
"2020-03-17 02:40:21",0
"2020-03-17 20:08:42",0
"2020-03-17 20:16:31",0
"2020-03-17 20:40:18",0
"2020-03-17 21:40:18",0
"2020-03-17 22:40:18",0
"2020-03-17 23:40:18",0
"2020-03-18 00:40:18",0
"2020-03-18 01:40:20",0
"2020-03-18 02:40:19",0
"2020-03-18 03:40:18",0
"2020-03-18 04:40:20",0
"2020-03-18 05:40:20",0
"2020-03-18 06:40:18",0
"2020-03-18 07:40:19",0
"2020-03-18 08:40:19",0
"2020-03-18 09:40:20",0
"2020-03-18 10:40:18",0
"2020-03-18 11:40:17",0
"2020-03-18 13:06:50",0
"2020-03-18 13:40:21",0
"2020-03-18 14:40:19",0
"2020-03-18 15:40:18",0
"2020-03-18 16:40:18",0
"2020-03-18 17:40:19",0
"2020-03-18 18:40:18",0
"2020-03-18 19:40:19",0
"2020-03-18 20:40:19",0
"2020-03-18 21:40:19",0
"2020-03-18 22:40:17",0
"2020-03-18 23:40:18",0
"2020-03-19 00:40:20",0
"2020-03-19 01:40:18",0
"2020-03-19 02:40:17",0
"2020-03-19 03:40:17",0
"2020-03-19 04:40:18",0
"2020-03-19 05:40:23",0
"2020-03-19 06:40:19",0
"2020-03-19 07:40:18",0
"2020-03-19 08:40:17",0
"2020-03-19 09:40:18",0
"2020-03-19 10:40:17",0
"2020-03-19 11:40:18",0
"2020-03-19 12:40:19",0
"2020-03-19 13:40:18",0
"2020-03-19 14:40:18",0
"2020-03-19 15:40:20",0
"2020-03-19 16:40:18",0
"2020-03-19 17:40:18",0
"2020-03-19 18:40:17",0
"2020-03-19 19:40:19",0
"2020-03-19 20:40:20",0
"2020-03-19 21:40:18",0
"2020-03-19 22:40:17",0
"2020-03-19 23:40:20",0
"2020-03-20 00:40:18",0
"2020-03-20 01:40:17",0
"2020-03-20 02:40:20",0
"2020-03-20 03:40:19",0
"2020-03-20 04:40:18",0
"2020-03-20 05:40:22",0
"2020-03-20 06:40:21",0
"2020-03-20 07:40:19",0
"2020-03-20 08:40:20",0
"2020-03-20 09:40:19",0
"2020-03-20 10:40:18",0
"2020-03-20 11:40:18",0
"2020-03-20 13:05:48",0
"2020-03-20 13:40:18",0
"2020-03-20 14:40:18",0
"2020-03-20 15:40:17",0
"2020-03-20 16:40:19",0
"2020-03-20 17:40:18",0
"2020-03-20 18:40:17",0
"2020-03-20 19:40:18",0
"2020-03-20 20:40:17",0
"2020-03-20 21:40:17",0
"2020-03-20 22:40:18",0
"2020-03-20 23:40:20",0
"2020-03-21 00:40:19",0
"2020-03-21 01:40:17",0
"2020-03-21 02:40:18",0
"2020-03-21 03:40:20",0
"2020-03-21 04:40:18",0
"2020-03-21 05:40:18",0
"2020-03-21 06:40:18",0
"2020-03-21 07:40:19",0
"2020-03-21 08:40:19",0
"2020-03-21 09:40:18",0
"2020-03-21 10:40:19",0
"2020-03-21 11:40:18",0
"2020-03-21 12:40:17",0
"2020-03-21 13:40:17",0
"2020-03-21 14:40:19",0
"2020-03-21 15:40:18",0
"2020-03-21 16:40:18",0
"2020-03-21 17:40:19",0
"2020-03-21 18:40:17",0
"2020-03-21 19:40:18",0
"2020-03-21 20:40:17",0
"2020-03-21 21:40:17",0
"2020-03-21 22:40:18",0
"2020-03-21 23:40:20",0
"2020-03-22 00:40:17",0
"2020-03-22 01:40:19",0
"2020-03-22 02:40:18",0
"2020-03-22 03:40:19",0
"2020-03-22 04:40:18",0
"2020-03-22 05:40:18",0
"2020-03-22 06:40:18",0
"2020-03-22 07:40:20",0
"2020-03-22 09:12:27",0
"2020-03-22 09:40:18",0
"2020-03-22 10:40:18",0
"2020-03-22 11:40:17",0
"2020-03-22 12:40:19",0
"2020-03-22 21:50:19",0
"2020-03-22 22:40:17",0
"2020-03-22 23:40:18",0
"2020-03-23 00:40:23",0
"2020-03-23 01:40:23",0
"2020-03-23 02:40:17",0
"2020-03-23 03:40:19",0
"2020-03-23 04:40:17",0
"2020-03-23 05:40:20",0
"2020-03-23 06:40:18",0
"2020-03-23 07:40:18",0
"2020-03-23 08:40:19",0
"2020-03-23 09:40:19",0
"2020-03-23 10:40:17",0
"2020-03-23 11:40:18",0
"2020-03-23 13:05:17",0
"2020-03-23 13:40:22",0
"2020-03-23 14:40:19",0
"2020-03-23 15:40:22",0
"2020-03-23 16:40:19",0
"2020-03-23 17:40:19",0
"2020-03-23 18:40:18",0
"2020-03-23 19:40:19",0
"2020-03-23 20:40:18",0
"2020-03-23 21:40:18",0
"2020-03-23 22:40:18",0
"2020-03-23 23:40:21",0
"2020-03-24 00:40:17",0
"2020-03-24 01:40:18",0
"2020-03-24 02:40:18",0
"2020-03-24 03:40:17",0
"2020-03-24 04:40:19",0
"2020-03-24 05:40:21",0
"2020-03-24 06:40:20",0
"2020-03-24 07:40:19",0
"2020-03-24 08:40:18",0
"2020-03-24 09:40:18",0
"2020-03-24 10:40:19",0
"2020-03-24 11:40:19",0
"2020-03-24 12:40:18",0
"2020-03-24 13:40:19",0
"2020-03-24 14:40:22",0
"2020-03-24 15:40:19",0
"2020-03-24 16:40:21",0
"2020-03-24 17:40:19",0
"2020-03-24 18:40:18",0
"2020-03-24 19:40:18",0
"2020-03-24 20:40:17",0
"2020-03-24 21:40:17",0
"2020-03-24 22:40:18",0
"2020-03-24 23:40:19",0
"2020-03-25 00:40:17",0
"2020-03-25 01:40:17",0
"2020-03-25 02:40:17",0
"2020-03-25 03:40:16",0
"2020-03-25 04:40:17",0
"2020-03-25 06:40:18",0
"2020-03-25 07:40:19",0
"2020-03-25 08:40:18",0
"2020-03-25 09:40:18",0
"2020-03-25 10:40:16",0
"2020-03-25 11:40:18",0
"2020-03-25 12:40:18",0
"2020-03-25 13:40:19",0
"2020-03-25 14:40:19",0
"2020-03-25 15:40:19",0
"2020-03-25 16:40:19",0
"2020-03-25 17:40:17",0
"2020-03-25 18:40:17",0
"2020-03-25 19:40:17",0
"2020-03-25 20:40:18",0
"2020-03-25 21:40:17",0
"2020-03-25 22:40:17",0
"2020-03-25 23:40:17",0
"2020-03-26 02:03:35",0
"2020-03-26 02:40:20",0
"2020-03-26 03:40:18",0
"2020-03-26 04:40:18",0
"2020-03-26 05:40:18",0
"2020-03-26 06:40:18",0
"2020-03-26 07:40:19",0
"2020-03-26 08:40:17",0
"2020-03-26 09:40:19",0
"2020-03-26 10:40:17",0
"2020-03-26 11:40:17",0
"2020-03-26 12:40:17",0
"2020-03-26 13:40:17",0
"2020-03-26 14:40:18",0
"2020-03-26 15:40:18",0
"2020-03-26 16:40:17",0
"2020-03-26 17:40:17",0
"2020-03-26 18:40:17",0
"2020-03-26 19:40:16",0
"2020-03-26 20:40:16",0
"2020-03-26 21:40:17",0
"2020-03-26 22:40:16",0
"2020-03-26 23:40:18",0
"2020-03-27 00:40:19",0
"2020-03-27 01:40:17",0
"2020-03-27 02:40:18",0
"2020-03-27 03:40:17",0
"2020-03-27 04:40:17",0
"2020-03-27 05:40:17",0
"2020-03-27 06:40:18",0
"2020-03-27 07:40:19",0
"2020-03-27 08:40:21",0
"2020-03-27 09:40:21",0
"2020-03-27 10:40:17",0
"2020-03-27 11:40:17",0
"2020-03-27 12:40:19",0
"2020-03-27 13:40:21",0
"2020-03-27 14:40:20",0
"2020-03-27 15:40:21",0
"2020-03-27 16:40:20",0
"2020-03-27 17:40:20",0
"2020-03-27 18:40:21",0
"2020-03-27 19:40:20",0
"2020-03-27 20:40:20",0
"2020-03-27 21:40:21",0
"2020-03-27 22:40:21",0
"2020-03-27 23:40:21",0
"2020-03-28 00:40:21",0
"2020-03-28 01:40:19",0
"2020-03-28 02:40:20",0
"2020-03-28 03:40:20",0
"2020-03-28 04:40:20",0
"2020-03-28 05:40:22",0
"2020-03-28 06:40:22",0
"2020-03-28 07:40:20",0
"2020-03-28 08:40:22",0
"2020-03-28 09:40:21",0
"2020-03-28 10:40:22",0
"2020-03-28 11:40:21",0
"2020-03-28 12:40:21",0
"2020-03-28 13:40:21",0
"2020-03-28 14:40:21",0
"2020-03-28 15:40:20",0
"2020-03-28 16:40:21",0
"2020-03-28 17:40:21",0
"2020-03-28 18:40:21",0
"2020-03-28 19:40:20",0
"2020-03-28 20:40:20",0
"2020-03-28 21:40:21",0
"2020-03-28 22:40:22",0
"2020-03-28 23:40:21",0
"2020-03-29 00:40:21",0
"2020-03-29 01:40:22",0
"2020-03-29 02:40:23",0
"2020-03-29 03:40:26",0
"2020-03-29 04:40:23",0
"2020-03-29 05:40:22",0
"2020-03-29 06:40:24",0
"2020-03-29 07:40:21",0
"2020-03-29 08:40:22",0
"2020-03-29 09:40:23",0
"2020-03-29 10:40:22",0
"2020-03-29 11:40:20",0
"2020-03-29 12:40:19",0
"2020-03-29 13:40:20",0
"2020-03-29 14:40:19",0
"2020-03-29 15:40:21",0
"2020-03-29 16:40:20",0
"2020-03-29 17:40:22",0
"2020-03-29 18:40:21",0
"2020-03-29 19:40:21",0
"2020-03-29 20:40:21",0
"2020-03-29 21:40:23",0
"2020-03-29 22:40:21",0
"2020-03-29 23:40:21",0
"2020-03-30 00:40:21",0
"2020-03-30 01:40:21",0
"2020-03-30 02:40:22",0
"2020-03-30 03:40:22",0
"2020-03-30 04:40:24",0
"2020-03-30 05:40:21",0
"2020-03-30 06:40:20",0
"2020-03-30 07:40:25",0
"2020-03-30 08:40:21",0
"2020-03-30 09:40:21",0
"2020-03-30 10:40:20",0
"2020-03-30 11:40:20",0
"2020-03-30 12:40:21",0
"2020-03-30 13:40:21",0
"2020-03-30 14:40:20",0
"2020-03-30 15:40:22",0
"2020-03-30 16:40:20",0
"2020-03-30 17:40:21",0
"2020-03-30 18:40:22",0
"2020-03-30 19:40:21",0
"2020-03-30 20:40:20",0
"2020-03-30 21:40:21",0
"2020-03-30 22:40:22",0
"2020-03-30 23:40:21",0
"2020-03-31 00:40:20",0
"2020-03-31 01:40:21",0
"2020-03-31 02:40:20",0
"2020-03-31 03:40:21",0
"2020-03-31 04:40:21",0
"2020-03-31 05:40:21",0
"2020-03-31 06:40:21",0
"2020-03-31 07:40:22",0
"2020-03-31 08:40:21",0
"2020-03-31 09:40:24",0
"2020-03-31 10:40:21",0
"2020-03-31 11:40:45",0
"2020-03-31 13:04:19",0
"2020-03-31 13:40:21",0
"2020-03-31 14:40:23",0
"2020-03-31 15:40:22",0
"2020-03-31 16:40:23",0
"2020-03-31 17:40:21",0
"2020-03-31 18:40:24",0
"2020-03-31 19:40:20",0
"2020-03-31 20:40:22",0
"2020-03-31 21:40:20",0
"2020-03-31 22:40:21",0
"2020-03-31 23:40:21",0
"2020-04-01 00:40:22",0
"2020-04-01 01:40:21",0
"2020-04-01 02:40:20",0
"2020-04-01 03:40:22",0
"2020-04-01 04:40:22",0
"2020-04-01 05:40:22",0
"2020-04-01 06:40:22",0
"2020-04-01 07:40:23",0
"2020-04-01 08:40:21",0
"2020-04-01 09:40:21",0
"2020-04-01 10:40:21",0
"2020-04-01 11:40:22",0
"2020-04-01 13:07:19",0
"2020-04-01 13:40:22",0
"2020-04-01 14:40:23",0
"2020-04-01 15:40:22",0
"2020-04-01 16:40:23",0
"2020-04-01 17:40:20",0
"2020-04-01 18:40:20",0
"2020-04-01 19:40:20",0
"2020-04-01 20:40:21",0
"2020-04-01 21:40:20",0
"2020-04-01 22:40:20",0
"2020-04-01 23:40:21",0
"2020-04-02 00:40:21",0
"2020-04-02 01:40:22",0
"2020-04-02 02:40:22",0
"2020-04-02 03:40:22",0
"2020-04-02 04:40:20",0
"2020-04-02 05:40:20",0
"2020-04-02 06:40:21",0
"2020-04-02 07:40:22",0
"2020-04-02 08:40:23",0
"2020-04-02 09:40:22",0
"2020-04-02 10:40:21",0
"2020-04-02 11:40:21",0
"2020-04-02 13:08:18",0
"2020-04-02 13:40:22",0
"2020-04-02 14:40:19",0
"2020-04-02 15:40:22",0
"2020-04-02 16:40:18",0
"2020-04-02 17:40:19",0
"2020-04-02 18:40:23",0
"2020-04-02 19:40:20",0
"2020-04-02 20:40:23",0
"2020-04-02 21:40:24",0
"2020-04-02 22:40:22",0
"2020-04-02 23:40:20",0
"2020-04-03 00:40:21",0
"2020-04-03 01:40:23",0
"2020-04-03 02:40:21",0
"2020-04-03 03:40:19",0
"2020-04-03 04:40:21",0
"2020-04-03 05:40:22",0
"2020-04-03 06:40:23",0
"2020-04-03 08:40:22",0
"2020-04-03 09:40:20",0
"2020-04-03 10:40:22",0
"2020-04-03 11:40:21",0
"2020-04-03 13:09:20",0
"2020-04-03 13:40:27",0
"2020-04-03 14:40:23",0
"2020-04-03 15:40:23",0
"2020-04-03 16:40:22",0
"2020-04-03 17:40:23",0
"2020-04-03 18:40:24",0
"2020-04-03 19:40:20",0
"2020-04-03 20:40:23",0
"2020-04-03 21:40:21",0
"2020-04-03 22:40:25",0
"2020-04-03 23:40:22",0
"2020-04-04 00:40:21",0
"2020-04-04 01:40:24",0
"2020-04-04 02:40:21",0
"2020-04-04 03:40:22",0
"2020-04-04 04:40:22",0
"2020-04-04 05:40:22",0
"2020-04-04 06:40:24",0
"2020-04-04 07:40:24",0
"2020-04-04 08:40:24",0
"2020-04-04 09:40:23",0
"2020-04-04 10:40:21",0
"2020-04-04 11:40:22",0
"2020-04-04 12:40:23",0
"2020-04-04 13:40:22",0
"2020-04-04 14:40:24",0
"2020-04-04 15:40:22",0
"2020-04-04 16:40:22",0
"2020-04-04 17:40:21",0
"2020-04-04 18:40:22",0
"2020-04-04 19:40:24",0
"2020-04-04 20:40:22",0
"2020-04-04 21:40:20",0
"2020-04-04 22:40:24",0
"2020-04-04 23:40:23",0
"2020-04-05 00:40:26",0
"2020-04-05 01:40:22",0
"2020-04-05 02:40:20",0
"2020-04-05 03:40:22",0
"2020-04-05 04:40:23",0
"2020-04-05 05:40:24",0
"2020-04-05 06:40:26",0
"2020-04-05 07:40:23",0
"2020-04-05 08:40:22",0
"2020-04-05 09:40:21",0
"2020-04-05 10:40:25",0
"2020-04-05 11:40:23",0
"2020-04-05 12:40:21",0
"2020-04-05 13:40:23",0
"2020-04-05 14:40:22",0
"2020-04-05 15:40:23",0
"2020-04-05 16:40:24",0
"2020-04-05 17:40:21",0
"2020-04-05 18:40:21",0
"2020-04-05 19:40:21",0
"2020-04-05 20:40:22",0
"2020-04-05 21:40:22",0
"2020-04-05 22:40:22",0
"2020-04-05 23:40:21",0
"2020-04-06 00:40:20",0
"2020-04-06 01:40:22",0
"2020-04-06 02:40:24",0
"2020-04-06 03:40:24",0
"2020-04-06 04:40:24",0
"2020-04-06 05:40:22",0
"2020-04-06 06:40:22",0
"2020-04-06 07:40:23",0
"2020-04-06 08:40:23",0
"2020-04-06 09:40:24",0
"2020-04-06 10:40:22",0
"2020-04-06 11:40:20",0
"2020-04-06 12:40:21",0
"2020-04-06 13:40:23",0
"2020-04-06 14:40:21",0
"2020-04-06 15:40:22",0
"2020-04-06 16:40:22",0
"2020-04-06 17:40:21",0
"2020-04-06 18:40:27",0
"2020-04-06 19:40:22",0
"2020-04-06 20:40:21",0
"2020-04-06 21:40:21",0
"2020-04-06 22:40:21",0
"2020-04-06 23:40:22",0
"2020-04-07 00:40:21",0
"2020-04-07 01:40:21",0
"2020-04-07 02:40:20",0
"2020-04-07 03:40:23",0
"2020-04-07 04:40:21",0
"2020-04-07 05:40:20",0
"2020-04-07 06:40:21",0
"2020-04-07 07:40:23",0
"2020-04-07 08:40:22",0
"2020-04-07 09:40:21",0
"2020-04-07 10:40:20",0
"2020-04-07 11:40:20",0
"2020-04-07 12:40:22",0
"2020-04-07 13:40:21",0
"2020-04-07 14:40:24",0
"2020-04-07 15:40:21",0
"2020-04-07 16:40:22",0
"2020-04-07 17:40:20",0
"2020-04-07 18:40:21",0
"2020-04-07 19:40:21",0
"2020-04-07 20:40:22",0
"2020-04-07 21:40:22",0
"2020-04-07 22:40:21",0
"2020-04-07 23:40:20",0
"2020-04-08 00:40:21",0
"2020-04-08 01:40:20",0
"2020-04-08 02:40:20",0
"2020-04-08 03:40:22",0
"2020-04-08 04:40:20",0
"2020-04-08 05:40:22",0
"2020-04-08 06:40:21",0
"2020-04-08 07:40:23",0
"2020-04-08 08:40:21",0
"2020-04-08 09:40:25",0
"2020-04-08 10:40:21",0
"2020-04-08 11:40:21",0
"2020-04-08 12:40:21",0
"2020-04-08 13:40:21",0
"2020-04-08 14:40:21",0
"2020-04-08 15:40:22",0
"2020-04-08 16:40:21",0
"2020-04-08 17:40:21",0
"2020-04-08 18:40:20",0
"2020-04-08 19:40:21",0
"2020-04-08 20:40:23",0
"2020-04-08 21:40:22",0
"2020-04-08 22:40:21",0
"2020-04-08 23:40:21",0
"2020-04-09 00:40:20",0
"2020-04-09 01:40:22",0
"2020-04-09 02:40:21",0
"2020-04-09 03:40:20",0
"2020-04-09 04:40:22",0
"2020-04-09 05:40:22",0
"2020-04-09 06:40:22",0
"2020-04-09 07:40:20",0
"2020-04-09 08:40:20",0
"2020-04-09 09:40:20",0
"2020-04-09 10:40:20",0
"2020-04-09 11:40:20",0
"2020-04-09 12:40:20",0
"2020-04-09 13:40:22",0
"2020-04-09 14:40:20",0
"2020-04-09 15:40:19",0
"2020-04-09 16:40:20",0
"2020-04-09 17:40:21",0
"2020-04-09 18:40:20",0
"2020-04-09 19:40:20",0
"2020-04-09 20:40:20",0
"2020-04-09 21:40:22",0
"2020-04-09 22:40:20",0
"2020-04-09 23:40:20",0
"2020-04-10 00:40:20",0
"2020-04-10 01:40:20",0
"2020-04-10 02:40:21",0
"2020-04-10 03:40:22",0
"2020-04-10 04:40:21",0
"2020-04-10 05:40:21",0
"2020-04-10 06:40:21",0
"2020-04-10 07:40:20",0
"2020-04-10 08:40:21",0
"2020-04-10 09:40:22",0
"2020-04-10 10:40:23",0
"2020-04-10 11:40:21",0
"2020-04-10 12:40:21",0
"2020-04-10 13:40:20",0
"2020-04-10 14:40:21",0
"2020-04-10 15:40:21",0
"2020-04-10 16:40:21",0
"2020-04-10 17:40:24",0
"2020-04-10 18:40:21",0
"2020-04-10 19:40:22",0
"2020-04-10 20:40:24",0
"2020-04-10 21:40:20",0
"2020-04-10 22:40:19",0
"2020-04-10 23:40:20",0
"2020-04-11 00:40:20",0
"2020-04-11 01:40:20",0
"2020-04-11 02:40:19",0
"2020-04-11 03:40:19",0
"2020-04-11 04:40:20",0
"2020-04-11 05:40:21",0
"2020-04-11 06:40:20",0
"2020-04-11 07:40:19",0
"2020-04-11 08:40:18",0
"2020-04-11 09:40:19",0
"2020-04-11 10:40:19",0
"2020-04-11 11:40:19",0
"2020-04-11 12:40:19",0
"2020-04-11 13:40:21",0
"2020-04-11 14:40:19",0
"2020-04-11 15:40:19",0
"2020-04-11 16:40:19",0
"2020-04-11 17:40:19",0
"2020-04-11 18:40:20",0
"2020-04-11 19:40:19",0
"2020-04-11 20:40:19",0
"2020-04-11 21:40:19",0
"2020-04-11 22:40:20",0
"2020-04-11 23:40:19",0
"2020-04-12 00:40:19",0
"2020-04-12 01:40:19",0
"2020-04-12 02:40:19",0
"2020-04-12 03:40:19",0
"2020-04-12 04:40:21",0
"2020-04-12 05:40:19",0
"2020-04-12 06:40:19",0
"2020-04-12 07:40:21",0
"2020-04-12 08:40:19",0
"2020-04-12 09:40:20",0
"2020-04-12 10:40:19",0
"2020-04-12 11:40:19",0
"2020-04-12 12:40:19",0
"2020-04-12 13:40:20",0
"2020-04-12 14:40:21",0
"2020-04-12 15:40:19",0
"2020-04-12 16:40:19",0
"2020-04-12 17:40:19",0
"2020-04-12 18:40:20",0
"2020-04-12 19:40:19",0
"2020-04-12 20:40:20",0
"2020-04-12 21:40:19",0
"2020-04-12 22:40:20",0
"2020-04-12 23:40:20",0
"2020-04-13 00:40:21",0
"2020-04-13 01:40:20",0
"2020-04-13 02:40:19",0
"2020-04-13 03:40:24",0
"2020-04-13 04:40:20",0
"2020-04-13 05:40:21",0
"2020-04-13 06:40:20",0
"2020-04-13 07:40:19",0
"2020-04-13 08:40:19",0
"2020-04-13 09:40:19",0
"2020-04-13 10:40:19",0
"2020-04-13 11:40:21",0
"2020-04-13 13:06:19",0
"2020-04-13 13:40:19",0
"2020-04-13 14:40:19",0
"2020-04-13 15:40:20",0
"2020-04-13 16:40:20",0
"2020-04-13 17:40:20",0
"2020-04-13 18:40:20",0
"2020-04-13 19:40:20",0
"2020-04-13 20:40:20",0
"2020-04-13 21:40:21",0
"2020-04-13 22:40:21",0
"2020-04-13 23:40:19",0
"2020-04-14 00:40:22",0
"2020-04-14 01:40:20",0
"2020-04-14 02:40:21",0
"2020-04-14 03:40:20",0
"2020-04-14 04:40:20",0
"2020-04-14 05:40:22",0
"2020-04-14 06:40:20",0
"2020-04-14 07:40:19",0
"2020-04-14 08:40:20",0
"2020-04-14 09:40:21",0
"2020-04-14 10:40:19",0
"2020-04-14 11:40:21",0
"2020-04-14 12:40:19",0
"2020-04-14 13:40:20",0
"2020-04-14 14:40:20",0
"2020-04-14 15:40:20",0
"2020-04-14 16:40:21",0
"2020-04-14 17:40:19",0
"2020-04-14 18:40:20",0
"2020-04-14 19:40:20",0
"2020-04-14 20:40:19",0
"2020-04-14 21:40:20",0
"2020-04-14 22:40:20",0
"2020-04-14 23:40:21",0
"2020-04-15 00:40:20",0
"2020-04-15 01:40:20",0
"2020-04-15 02:40:20",0
"2020-04-15 03:40:21",0
"2020-04-15 04:40:21",0
"2020-04-15 05:40:20",0
"2020-04-15 06:40:21",0
"2020-04-15 07:40:20",0
"2020-04-15 08:40:20",0
"2020-04-15 09:40:20",0
"2020-04-15 10:40:19",0
"2020-04-15 11:40:20",0
"2020-04-15 13:09:21",0
"2020-04-15 13:40:25",0
"2020-04-15 14:40:21",0
"2020-04-15 15:40:21",0
"2020-04-15 16:40:23",0
"2020-04-15 17:40:20",0
"2020-04-15 18:40:21",0
"2020-04-15 19:40:21",0
"2020-04-15 20:40:23",0
"2020-04-15 21:40:21",0
"2020-04-15 22:40:22",0
"2020-04-15 23:40:22",0
"2020-04-16 00:40:23",0
"2020-04-16 01:40:23",0
"2020-04-16 02:40:23",0
"2020-04-16 03:40:23",0
"2020-04-16 04:40:24",0
"2020-04-16 05:40:22",0
"2020-04-16 06:40:22",0
"2020-04-16 07:40:21",0
"2020-04-16 08:40:22",0
"2020-04-16 09:40:21",0
"2020-04-16 10:40:21",0
"2020-04-16 11:40:21",0
"2020-04-16 12:40:21",0
"2020-04-16 13:40:23",0
"2020-04-16 14:40:21",0
"2020-04-16 15:40:23",0
"2020-04-16 16:40:22",0
"2020-04-16 17:40:22",0
"2020-04-16 18:40:22",0
"2020-04-16 19:40:21",0
"2020-04-16 20:40:22",0
"2020-04-16 21:40:23",0
"2020-04-16 22:40:22",0
"2020-04-16 23:40:23",0
"2020-04-17 00:40:24",0
"2020-04-17 01:40:22",0
"2020-04-17 02:40:22",0
"2020-04-17 03:40:21",0
"2020-04-17 04:40:20",0
"2020-04-17 05:40:21",0
"2020-04-17 06:40:23",0
"2020-04-17 07:40:25",0
"2020-04-17 08:40:22",0
"2020-04-17 09:40:22",0
"2020-04-17 10:40:21",0
"2020-04-17 11:40:20",0
"2020-04-17 13:06:21",0
"2020-04-17 13:40:22",0
"2020-04-17 14:40:21",0
"2020-04-17 15:40:21",0
"2020-04-17 16:40:20",0
"2020-04-17 17:40:22",0
"2020-04-17 18:40:22",0
"2020-04-17 19:40:22",0
"2020-04-17 20:40:22",0
"2020-04-17 21:40:21",0
"2020-04-17 22:40:21",0
"2020-04-17 23:40:22",0
"2020-04-18 00:40:22",0
"2020-04-18 01:40:21",0
"2020-04-18 02:40:22",0
"2020-04-18 03:40:22",0
"2020-04-18 04:40:22",0
"2020-04-18 05:40:22",0
"2020-04-18 06:40:22",0
"2020-04-18 07:40:21",0
"2020-04-18 08:40:21",0
"2020-04-18 09:40:20",0
"2020-04-18 10:40:21",0
"2020-04-18 11:40:20",0
"2020-04-18 12:40:20",0
"2020-04-18 13:40:22",0
"2020-04-18 14:40:21",0
"2020-04-18 15:40:21",0
"2020-04-18 16:40:21",0
"2020-04-18 17:40:21",0
"2020-04-18 18:40:21",0
"2020-04-18 19:40:20",0
"2020-04-18 20:40:21",0
"2020-04-18 21:40:21",0
"2020-04-18 22:40:21",0
"2020-04-18 23:40:22",0
"2020-04-19 00:40:22",0
"2020-04-19 01:40:22",0
"2020-04-19 02:40:23",0
"2020-04-19 03:40:23",0
"2020-04-19 04:40:25",0
"2020-04-19 05:40:22",0
"2020-04-19 06:40:21",0
"2020-04-19 07:40:24",0
"2020-04-19 08:40:21",0
"2020-04-19 09:40:22",0
"2020-04-19 10:40:21",0
"2020-04-19 11:40:20",0
"2020-04-19 12:40:20",0
"2020-04-19 13:40:23",0
"2020-04-19 14:40:21",0
"2020-04-19 15:40:21",0
"2020-04-19 16:40:22",0
"2020-04-19 17:40:23",0
"2020-04-19 18:40:21",0
"2020-04-19 19:40:21",0
"2020-04-19 20:40:21",0
"2020-04-19 21:40:24",0
"2020-04-19 22:40:23",0
"2020-04-19 23:40:23",0
"2020-04-20 00:40:22",0
"2020-04-20 01:40:23",0
"2020-04-20 02:40:23",0
"2020-04-20 03:40:25",0
"2020-04-20 04:40:23",0
"2020-04-20 05:40:29",0
"2020-04-20 06:40:23",0
"2020-04-20 07:40:21",0
"2020-04-20 08:40:21",0
"2020-04-20 09:40:22",0
"2020-04-20 10:40:21",0
"2020-04-20 11:40:21",0
"2020-04-20 12:40:22",0
"2020-04-20 13:40:24",0
"2020-04-20 14:40:22",0
"2020-04-20 15:40:23",0
"2020-04-20 16:40:23",0
"2020-04-20 17:40:22",0
"2020-04-20 18:40:24",0
"2020-04-20 20:40:27",0
"2020-04-20 21:40:25",0
"2020-04-20 22:40:26",0
"2020-04-20 23:40:23",0
"2020-04-21 00:40:22",0
"2020-04-21 01:40:22",0
"2020-04-21 02:40:23",0
"2020-04-21 03:40:25",0
"2020-04-21 04:40:27",0
"2020-04-21 05:40:26",0
"2020-04-21 06:40:26",0
"2020-04-21 07:40:21",0
"2020-04-21 08:40:22",0
"2020-04-21 09:40:21",0
"2020-04-21 10:40:21",0
"2020-04-21 11:40:21",0
"2020-04-21 12:40:23",0
"2020-04-21 13:40:24",0
"2020-04-21 14:40:24",0
"2020-04-21 15:40:24",0
"2020-04-21 16:40:23",0
"2020-04-21 17:40:25",0
"2020-04-21 18:40:24",0
"2020-04-21 19:40:24",0
"2020-04-21 20:40:24",0
"2020-04-21 21:40:25",0
"2020-04-21 22:40:26",0
"2020-04-21 23:40:24",0
"2020-04-22 00:40:25",0
"2020-04-22 01:40:26",0
"2020-04-22 02:40:24",0
"2020-04-22 03:40:22",0
"2020-04-22 04:40:24",0
"2020-04-22 05:40:24",0
"2020-04-22 06:40:26",0
"2020-04-22 07:40:24",0
"2020-04-22 08:40:23",0
"2020-04-22 09:40:23",0
"2020-04-22 10:40:25",0
"2020-04-22 11:40:22",0
"2020-04-22 12:40:24",0
"2020-04-22 13:40:23",0
"2020-04-22 14:40:23",0
"2020-04-22 15:40:23",0
"2020-04-22 16:40:24",0
"2020-04-22 17:40:26",0
"2020-04-22 18:40:24",0
"2020-04-22 19:40:24",0
"2020-04-22 20:40:24",0
"2020-04-22 21:40:25",0
"2020-04-22 22:40:24",0
"2020-04-22 23:40:25",0
"2020-04-23 00:40:23",0
"2020-04-23 01:40:23",0
"2020-04-23 02:40:25",0
"2020-04-23 03:40:25",0
"2020-04-23 04:40:24",0
"2020-04-23 05:40:23",0
"2020-04-23 06:40:24",0
"2020-04-23 07:40:24",0
"2020-04-23 08:40:24",0
"2020-04-23 09:40:22",0
"2020-04-23 10:40:23",0
"2020-04-23 11:40:25",0
"2020-04-23 12:40:21",0
"2020-04-23 13:40:22",0
"2020-04-23 14:40:23",0
"2020-04-23 15:40:22",0
"2020-04-23 16:40:23",0
"2020-04-23 17:40:22",0
"2020-04-23 18:40:22",0
"2020-04-23 19:40:23",0
"2020-04-23 20:40:23",0
"2020-04-23 21:40:24",0
"2020-04-23 22:40:21",0
"2020-04-23 23:40:22",0
"2020-04-24 00:40:24",0
"2020-04-24 01:40:27",0
"2020-04-24 02:40:22",0
"2020-04-24 03:40:24",0
"2020-04-24 04:40:22",0
"2020-04-24 05:40:22",0
"2020-04-24 06:40:23",0
"2020-04-24 07:40:21",0
"2020-04-24 08:40:23",0
"2020-04-24 09:40:22",0
"2020-04-24 10:40:21",0
"2020-04-24 11:40:21",0
"2020-04-24 13:07:23",0
"2020-04-24 13:40:28",0
"2020-04-24 14:40:27",0
"2020-04-24 15:40:25",0
"2020-04-24 16:40:25",0
"2020-04-24 17:40:25",0
"2020-04-24 18:40:26",0
"2020-04-24 19:40:25",0
"2020-04-24 20:40:27",0
"2020-04-24 21:40:26",0
"2020-04-24 22:40:28",0
"2020-04-24 23:40:26",0
"2020-04-25 00:40:29",0
"2020-04-25 01:40:27",0
"2020-04-25 02:40:26",0
"2020-04-25 03:40:25",0
"2020-04-25 04:40:27",0
"2020-04-25 05:40:26",0
"2020-04-25 06:40:26",0
"2020-04-25 07:40:25",0
"2020-04-25 08:40:25",0
"2020-04-25 09:40:25",0
"2020-04-25 10:40:25",0
"2020-04-25 11:40:25",0
"2020-04-25 12:40:25",0
"2020-04-25 13:40:28",0
"2020-04-25 14:40:25",0
"2020-04-25 15:40:25",0
"2020-04-25 16:40:25",0
"2020-04-25 17:40:26",0
"2020-04-25 18:40:25",0
"2020-04-25 19:40:26",0
"2020-04-25 20:40:26",0
"2020-04-25 21:40:25",0
"2020-04-25 22:40:26",0
"2020-04-25 23:40:26",0
"2020-04-26 00:40:24",0
"2020-04-26 01:40:26",0
"2020-04-26 02:40:25",0
"2020-04-26 03:40:26",0
"2020-04-26 04:40:25",0
"2020-04-26 05:40:26",0
"2020-04-26 06:40:27",0
"2020-04-26 07:40:25",0
"2020-04-26 08:40:24",0
"2020-04-26 09:40:24",0
"2020-04-26 10:40:24",0
"2020-04-26 11:40:26",0
"2020-04-26 12:40:25",0
"2020-04-26 13:40:24",0
"2020-04-26 14:40:24",0
"2020-04-26 15:40:25",0
"2020-04-26 16:40:25",0
"2020-04-26 17:40:25",0
"2020-04-26 18:40:26",0
"2020-04-26 19:40:28",0
"2020-04-26 20:40:24",0
"2020-04-26 21:40:25",0
"2020-04-26 22:40:25",0
"2020-04-26 23:40:26",0
"2020-04-27 00:40:27",0
"2020-04-27 01:40:27",0
"2020-04-27 02:40:25",0
"2020-04-27 03:40:26",0
"2020-04-27 04:40:28",0
"2020-04-27 05:40:26",0
"2020-04-27 06:40:25",0
"2020-04-27 07:40:25",0
"2020-04-27 08:40:26",0
"2020-04-27 09:40:25",0
"2020-04-27 10:40:24",0
"2020-04-27 11:40:23",0
"2020-04-27 12:40:24",0
"2020-04-27 13:40:26",0
"2020-04-27 14:40:26",0
"2020-04-27 15:40:25",0
"2020-04-27 16:40:24",0
"2020-04-27 17:40:25",0
"2020-04-27 18:40:25",0
"2020-04-27 19:40:24",0
"2020-04-27 20:40:25",0
"2020-04-27 21:40:26",0
"2020-04-27 22:40:26",0
"2020-04-27 23:40:26",0
"2020-04-28 00:40:28",0
"2020-04-28 01:40:26",0
"2020-04-28 02:40:27",0
"2020-04-28 03:40:27",0
"2020-04-28 04:40:31",0
"2020-04-28 05:40:24",0
"2020-04-28 06:40:25",0
"2020-04-28 07:40:27",0
"2020-04-28 08:40:25",0
"2020-04-28 09:40:25",0
"2020-04-28 10:40:24",0
"2020-04-28 11:40:24",0
"2020-04-28 12:40:25",0
"2020-04-28 13:40:24",0
"2020-04-28 14:40:28",0
"2020-04-28 15:40:26",0
"2020-04-28 16:40:25",0
"2020-04-28 17:40:27",0
"2020-04-28 18:40:27",0
"2020-04-28 19:40:25",0
"2020-04-28 20:40:25",0
"2020-04-28 21:40:25",0
"2020-04-28 22:40:26",0
"2020-04-28 23:40:26",0
"2020-04-29 00:40:27",0
"2020-04-29 01:40:29",0
"2020-04-29 02:40:27",0
"2020-04-29 03:40:25",0
"2020-04-29 04:40:27",0
"2020-04-29 05:40:25",0
"2020-04-29 06:40:25",0
"2020-04-29 07:40:25",0
"2020-04-29 08:40:25",0
"2020-04-29 09:40:26",0
"2020-04-29 10:40:28",0
"2020-04-29 11:40:24",0
"2020-04-29 13:05:22",0
"2020-04-29 13:40:26",0
"2020-04-29 14:40:25",0
"2020-04-29 15:40:24",0
"2020-04-29 16:40:26",0
"2020-04-29 17:40:26",0
"2020-04-29 18:40:27",0
"2020-04-29 19:40:27",0
"2020-04-29 20:40:25",0
"2020-04-29 21:40:27",0
"2020-04-29 22:40:28",0
"2020-04-29 23:40:27",0
"2020-04-30 00:40:27",0
"2020-04-30 01:40:26",0
"2020-04-30 02:40:29",0
"2020-04-30 03:40:28",0
"2020-04-30 04:40:28",0
"2020-04-30 05:40:26",0
"2020-04-30 06:40:26",0
"2020-04-30 07:40:25",0
"2020-04-30 08:40:26",0
"2020-04-30 09:40:24",0
"2020-04-30 10:40:25",0
"2020-04-30 11:40:25",0
"2020-04-30 12:40:25",0
"2020-04-30 13:40:26",0
"2020-04-30 14:40:28",0
"2020-04-30 15:40:23",0
"2020-04-30 16:40:24",0
"2020-04-30 17:40:35",0
"2020-04-30 18:40:27",0
"2020-04-30 20:40:26",0
"2020-04-30 21:40:26",0
"2020-04-30 22:40:25",0
"2020-04-30 23:40:25",0
"2020-05-01 00:40:26",0
"2020-05-01 01:40:26",0
"2020-05-01 02:40:26",0
"2020-05-01 03:40:26",0
"2020-05-01 04:40:26",0
"2020-05-01 05:40:26",0
"2020-05-01 06:40:25",0
"2020-05-01 07:40:26",0
"2020-05-01 08:40:25",0
"2020-05-01 09:40:24",0
"2020-05-01 10:40:24",0
"2020-05-01 11:40:25",0
"2020-05-01 13:06:23",0
"2020-05-01 13:40:27",0
"2020-05-01 14:40:24",0
"2020-05-01 15:40:25",0
"2020-05-01 16:40:29",0
"2020-05-01 17:40:26",0
"2020-05-01 18:40:26",0
"2020-05-01 19:40:25",0
"2020-05-01 20:40:24",0
"2020-05-01 21:40:27",0
"2020-05-01 22:40:26",0
"2020-05-01 23:40:25",0
"2020-05-02 00:40:27",0
"2020-05-02 01:40:27",0
"2020-05-02 02:40:27",0
"2020-05-02 03:40:27",0
"2020-05-02 04:40:25",0
"2020-05-02 05:40:27",0
"2020-05-02 06:40:25",0
"2020-05-02 07:40:29",0
"2020-05-02 08:40:25",0
"2020-05-02 09:40:26",0
"2020-05-02 10:40:24",0
"2020-05-02 11:40:24",0
"2020-05-02 12:40:25",0
"2020-05-02 13:40:25",0
"2020-05-02 14:40:27",0
"2020-05-02 15:40:24",0
"2020-05-02 16:40:28",0
"2020-05-02 17:40:26",0
"2020-05-02 18:40:26",0
"2020-05-02 19:40:25",0
"2020-05-02 20:40:24",0
"2020-05-02 21:40:25",0
"2020-05-02 22:40:25",0
"2020-05-02 23:40:27",0
"2020-05-03 00:40:25",0
"2020-05-03 01:40:27",0
"2020-05-03 02:40:27",0
"2020-05-03 03:40:26",0
"2020-05-03 04:40:28",0
"2020-05-03 05:40:27",0
"2020-05-03 06:40:25",0
"2020-05-03 07:40:27",0
"2020-05-03 08:40:28",0
"2020-05-03 09:40:27",0
"2020-05-03 10:40:26",0
"2020-05-03 11:40:25",0
"2020-05-03 12:40:25",0
"2020-05-03 13:40:26",0
"2020-05-03 14:40:27",0
"2020-05-03 15:40:26",0
"2020-05-03 16:40:26",0
"2020-05-03 17:40:27",0
"2020-05-03 18:40:25",0
"2020-05-03 19:40:29",0
"2020-05-03 20:40:27",0
"2020-05-03 21:40:25",0
"2020-05-03 22:40:26",0
"2020-05-03 23:40:27",0
"2020-05-04 00:40:27",0
"2020-05-04 01:40:27",0
"2020-05-04 02:40:26",0
"2020-05-04 03:40:26",0
"2020-05-04 04:40:25",0
"2020-05-04 05:40:27",0
"2020-05-04 06:40:25",0
"2020-05-04 09:27:28",0
"2020-05-04 10:46:24",0
"2020-05-04 10:54:15",0
"2020-05-04 11:01:50",0
"2020-05-04 11:40:28",0
"2020-05-04 13:05:24",0
"2020-05-04 13:40:29",0
"2020-05-04 14:40:27",0
"2020-05-04 15:40:27",0
"2020-05-04 16:40:28",0
"2020-05-04 17:40:27",0
"2020-05-04 18:40:26",0
"2020-05-04 19:40:28",0
"2020-05-04 20:40:29",0
"2020-05-04 21:40:29",0
"2020-05-04 22:40:27",0
"2020-05-04 23:40:27",0
"2020-05-05 00:40:27",0
"2020-05-05 01:40:28",0
"2020-05-05 02:40:27",0
"2020-05-05 03:40:29",0
"2020-05-05 04:40:26",0
"2020-05-05 05:40:26",0
"2020-05-05 06:40:28",0
"2020-05-05 07:40:28",0
"2020-05-05 08:40:30",0
"2020-05-05 09:40:26",0
"2020-05-05 10:40:27",0
"2020-05-05 11:40:28",0
"2020-05-05 12:40:26",0
"2020-05-05 13:40:27",0
"2020-05-05 14:40:25",0
"2020-05-05 15:40:27",0
"2020-05-05 16:40:27",0
"2020-05-05 17:40:26",0
"2020-05-05 18:40:27",0
"2020-05-05 19:40:28",0
"2020-05-05 20:40:28",0
"2020-05-05 21:40:26",0
"2020-05-05 22:40:26",0
"2020-05-05 23:40:29",0
"2020-05-06 00:40:27",0
"2020-05-06 01:40:28",0
"2020-05-06 02:40:26",0
"2020-05-06 03:40:25",0
"2020-05-06 04:40:27",0
"2020-05-06 05:40:29",0
"2020-05-06 06:40:26",0
"2020-05-06 17:40:58",0
"2020-05-06 18:40:28",0
"2020-05-06 19:40:27",0
"2020-05-06 20:40:27",0
"2020-05-06 21:40:29",0
"2020-05-06 22:40:28",0
"2020-05-06 23:40:28",0
"2020-05-07 00:40:29",0
"2020-05-07 01:40:27",0
"2020-05-07 02:40:25",0
"2020-05-07 03:40:26",0
"2020-05-07 04:40:28",0
"2020-05-07 05:40:27",0
"2020-05-07 06:40:27",0
"2020-05-07 08:40:28",0
"2020-05-07 09:40:27",0
"2020-05-07 10:40:28",0
"2020-05-07 11:40:27",0
"2020-05-07 12:40:28",0
"2020-05-07 13:40:28",0
"2020-05-07 14:40:29",0
"2020-05-07 15:40:27",0
"2020-05-07 16:40:27",0
"2020-05-07 17:40:26",0
"2020-05-07 18:40:26",0
"2020-05-07 19:40:28",0
"2020-05-07 20:40:26",0
"2020-05-07 21:40:27",0
"2020-05-07 22:40:27",0
"2020-05-07 23:40:27",0
"2020-05-08 00:40:28",0
"2020-05-08 01:40:25",0
"2020-05-08 02:40:25",0
"2020-05-08 03:40:27",0
"2020-05-08 04:40:26",0
"2020-05-08 05:40:26",0
"2020-05-08 06:40:26",0
"2020-05-08 07:40:27",0
"2020-05-08 08:40:27",0
"2020-05-08 09:40:29",0
"2020-05-08 10:40:27",0
"2020-05-08 11:40:27",0
"2020-05-08 13:05:24",0
"2020-05-08 13:40:27",0
"2020-05-08 14:40:27",1
"2020-05-08 15:40:27",1
"2020-05-08 16:40:29",1
"2020-05-08 17:40:27",1
"2020-05-08 18:40:29",1
"2020-05-08 19:40:26",1
"2020-05-08 20:40:27",1
"2020-05-08 21:40:27",1
"2020-05-08 22:40:27",1
"2020-05-08 23:40:28",1
"2020-05-09 00:40:26",1
"2020-05-09 01:40:29",1
"2020-05-09 02:40:27",1
"2020-05-09 03:40:28",1
"2020-05-09 04:40:27",1
"2020-05-09 05:40:28",1
"2020-05-09 06:40:27",1
"2020-05-09 07:40:25",1
"2020-05-09 08:40:27",1
"2020-05-09 09:40:26",1
"2020-05-09 10:40:26",1
"2020-05-09 11:40:25",1
"2020-05-09 12:40:27",1
"2020-05-09 13:40:27",1
"2020-05-09 14:40:27",1
"2020-05-09 15:40:27",1
"2020-05-09 16:40:25",1
"2020-05-09 17:40:27",1
"2020-05-09 18:40:26",1
"2020-05-09 19:40:26",1
"2020-05-09 20:40:27",1
"2020-05-09 21:40:26",1
"2020-05-09 22:40:27",1
"2020-05-09 23:40:28",1
"2020-05-10 00:40:28",1
"2020-05-10 01:40:27",1
"2020-05-10 02:40:29",1
"2020-05-10 03:40:29",1
"2020-05-10 04:40:28",1
"2020-05-10 05:40:27",1
"2020-05-10 06:40:27",1
"2020-05-10 07:40:28",1
"2020-05-10 08:40:28",1
"2020-05-10 09:40:29",1
"2020-05-10 10:40:26",1
"2020-05-10 11:40:28",1
"2020-05-10 12:40:27",1
"2020-05-10 13:40:27",1
"2020-05-10 14:40:26",1
"2020-05-10 15:40:27",1
"2020-05-10 16:40:30",1
"2020-05-10 17:40:28",1
"2020-05-10 18:40:28",1
"2020-05-10 19:40:27",1
"2020-05-10 20:40:27",1
"2020-05-10 21:40:27",1
"2020-05-10 22:40:26",1
"2020-05-10 23:40:28",1
"2020-05-11 00:40:28",1
"2020-05-11 01:40:26",1
"2020-05-11 02:40:27",1
"2020-05-11 03:40:29",1
"2020-05-11 04:40:27",1
"2020-05-11 05:40:29",1
"2020-05-11 06:40:27",1
"2020-05-11 07:40:27",1
"2020-05-11 08:40:28",1
"2020-05-11 09:42:47",1
"2020-05-11 10:40:27",1
"2020-05-11 11:40:27",1
"2020-05-11 13:04:25",1
"2020-05-11 13:40:31",1
"2020-05-11 14:40:31",1
"2020-05-11 15:40:31",1
"2020-05-11 16:40:30",1
"2020-05-11 17:40:30",1
"2020-05-11 18:40:29",1
"2020-05-11 19:40:29",1
"2020-05-11 20:40:28",1
"2020-05-11 21:40:29",1
"2020-05-11 22:40:28",1
"2020-05-11 23:40:30",1
"2020-05-12 00:40:30",1
"2020-05-12 01:40:29",1
"2020-05-12 02:40:29",1
"2020-05-12 03:40:28",1
"2020-05-12 04:40:28",1
"2020-05-12 05:40:30",1
"2020-05-12 06:40:31",1
"2020-05-12 07:40:29",1
"2020-05-12 08:40:29",1
"2020-05-12 09:40:29",1
"2020-05-12 10:40:28",1
"2020-05-12 11:40:29",1
"2020-05-12 13:10:25",1
"2020-05-12 17:40:27",2
"2020-05-12 18:40:27",2
"2020-05-12 19:40:28",2
"2020-05-12 20:40:29",2
"2020-05-12 21:40:30",2
"2020-05-12 22:40:26",2
"2020-05-12 23:40:27",2
"2020-05-13 00:40:29",2
"2020-05-13 01:40:27",2
"2020-05-13 02:40:28",2
"2020-05-13 03:40:29",2
"2020-05-13 06:40:28",2
"2020-05-13 07:40:29",2
"2020-05-13 08:40:28",2
"2020-05-13 09:40:26",2
"2020-05-13 10:40:27",2
"2020-05-13 11:40:27",2
"2020-05-13 12:40:27",2
"2020-05-13 13:40:26",2
"2020-05-13 14:40:27",2
"2020-05-13 15:40:28",1
"2020-05-13 16:40:32",1
"2020-05-13 17:40:27",1
"2020-05-13 18:40:29",1
"2020-05-13 19:40:28",1
"2020-05-13 20:40:28",1
"2020-05-13 21:40:26",1
"2020-05-13 22:40:28",1
"2020-05-13 23:40:28",1
"2020-05-14 00:40:28",1
"2020-05-14 01:40:27",1
"2020-05-14 02:40:27",1
"2020-05-14 03:40:28",1
"2020-05-14 04:40:28",1
"2020-05-14 05:40:30",1
"2020-05-14 06:40:28",1
"2020-05-14 07:40:28",1
"2020-05-14 08:40:29",1
"2020-05-14 09:40:27",1
"2020-05-14 10:40:27",1
"2020-05-14 11:40:27",1
"2020-05-14 12:40:28",1
"2020-05-14 13:40:29",1
"2020-05-14 14:40:29",1
"2020-05-14 15:40:27",1
"2020-05-14 16:40:28",1
"2020-05-14 17:40:27",1
"2020-05-14 18:40:29",1
"2020-05-14 19:40:28",1
"2020-05-14 20:40:27",1
"2020-05-14 21:40:28",1
"2020-05-14 22:40:28",1
"2020-05-14 23:40:29",1
"2020-05-15 00:40:30",1
"2020-05-15 01:40:57",1
"2020-05-15 02:40:29",1
"2020-05-15 03:40:29",1
"2020-05-15 04:40:29",1
"2020-05-15 05:40:28",1
"2020-05-15 06:40:29",1
"2020-05-15 07:40:28",1
"2020-05-15 08:40:28",1
"2020-05-15 09:40:30",1
"2020-05-15 10:40:27",1
"2020-05-15 11:40:27",1
"2020-05-15 12:40:28",1
"2020-05-15 13:40:28",1
"2020-05-15 14:40:27",1
"2020-05-15 15:40:28",1
"2020-05-15 16:40:27",1
"2020-05-15 17:40:28",1
"2020-05-15 18:40:27",1
"2020-05-15 19:40:28",1
"2020-05-15 20:40:28",1
"2020-05-15 21:40:28",1
"2020-05-15 22:40:27",1
"2020-05-15 23:40:27",1
"2020-05-16 00:40:28",1
"2020-05-16 01:40:30",1
"2020-05-16 02:40:31",1
"2020-05-16 03:40:28",1
"2020-05-16 04:40:28",1
"2020-05-16 05:40:27",1
"2020-05-16 06:40:29",1
"2020-05-16 07:40:29",1
"2020-05-16 08:40:28",1
"2020-05-16 09:40:28",1
"2020-05-16 10:40:26",1
"2020-05-16 11:40:27",1
"2020-05-16 12:40:28",1
"2020-05-16 13:40:27",1
"2020-05-16 14:40:27",1
"2020-05-16 15:40:29",1
"2020-05-16 16:40:30",1
"2020-05-16 17:40:27",1
"2020-05-16 18:40:27",1
"2020-05-16 19:40:26",1
"2020-05-16 20:40:27",1
"2020-05-16 21:40:27",1
"2020-05-16 22:40:28",1
"2020-05-16 23:40:27",1
"2020-05-17 00:40:27",1
"2020-05-17 01:40:28",1
"2020-05-18 08:04:25",1
"2020-05-18 08:10:23",1
"2020-05-18 08:10:47",1
"2020-05-18 08:11:44",1
"2020-05-18 08:12:27",1
"2020-05-18 08:13:00",1
"2020-05-18 08:13:06",1
"2020-05-18 08:13:16",1
"2020-05-18 08:13:43",1
"2020-05-18 08:21:59",1
"2020-05-18 11:42:06",1
"2020-05-18 11:49:44",1
"2020-05-18 11:57:20",1
"2020-05-18 12:04:57",1
"2020-05-18 13:04:55",1
"2020-05-18 13:40:30",1
"2020-05-18 14:40:28",1
"2020-05-18 15:40:31",1
"2020-05-18 16:40:32",1
"2020-05-18 17:40:28",1
"2020-05-18 18:40:29",1
"2020-05-18 19:40:29",1
"2020-05-18 20:40:29",1
"2020-05-18 21:40:31",1
"2020-05-18 22:40:30",1
"2020-05-18 23:40:30",1
"2020-05-19 00:40:40",1
"2020-05-19 01:40:27",1
"2020-05-19 02:40:28",1
"2020-05-19 03:40:28",1
"2020-05-19 04:40:30",1
"2020-05-19 05:40:28",1
"2020-05-19 06:40:29",1
"2020-05-19 07:40:28",1
"2020-05-19 08:40:30",1
"2020-05-19 09:40:32",1
"2020-05-19 10:40:28",1
"2020-05-19 11:40:30",1
"2020-05-19 13:05:27",1
"2020-05-19 13:40:31",1
"2020-05-19 14:40:30",1
"2020-05-19 15:40:30",1
"2020-05-19 16:40:33",1
"2020-05-19 17:40:30",1
"2020-05-19 18:40:31",1
"2020-05-19 19:40:31",1
"2020-05-19 20:40:33",1
"2020-05-19 21:40:31",1
"2020-05-19 22:40:32",1
"2020-05-19 23:40:30",1
"2020-05-20 00:40:36",1
"2020-05-20 01:40:35",1
"2020-05-20 02:40:32",1
"2020-05-20 03:40:31",1
"2020-05-20 04:40:31",1
"2020-05-20 05:40:31",1
"2020-05-20 06:40:29",1
"2020-05-20 07:40:31",1
"2020-05-20 08:40:30",1
"2020-05-20 09:40:34",1
"2020-05-20 10:40:30",1
"2020-05-20 11:40:31",1
"2020-05-20 12:40:30",1
"2020-05-20 13:40:30",1
"2020-05-20 14:40:32",1
"2020-05-20 15:40:30",1
"2020-05-20 16:40:31",1
"2020-05-20 17:40:32",1
"2020-05-20 18:40:31",1
"2020-05-20 19:40:30",1
"2020-05-20 20:40:29",1
"2020-05-20 21:40:30",1
"2020-05-20 22:40:30",1
"2020-05-20 23:40:30",1
"2020-05-21 00:40:34",1
"2020-05-21 01:40:30",1
"2020-05-21 02:40:31",1
"2020-05-21 03:40:31",1
"2020-05-21 04:40:30",1
"2020-05-21 05:40:29",1
"2020-05-21 06:40:32",1
"2020-05-21 07:40:30",1
"2020-05-21 08:40:31",1
"2020-05-21 09:40:31",1
"2020-05-21 10:40:31",1
"2020-05-21 11:40:32",1
"2020-05-21 12:40:30",1
"2020-05-21 13:40:33",1
"2020-05-21 14:40:30",1
"2020-05-21 15:40:30",1
"2020-05-21 16:40:33",1
"2020-05-21 17:40:31",1
"2020-05-21 18:40:30",1
"2020-05-21 19:40:31",1
"2020-05-21 20:40:30",1
"2020-05-21 21:40:31",1
"2020-05-21 22:40:31",1
"2020-05-21 23:40:32",1
"2020-05-22 00:40:46",1
"2020-05-22 01:40:31",1
"2020-05-22 02:40:34",1
"2020-05-22 03:40:32",1
"2020-05-22 04:40:32",1
"2020-05-22 05:40:32",1
"2020-05-22 06:40:29",1
"2020-05-22 07:40:30",1
"2020-05-22 08:40:31",1
"2020-05-22 09:40:31",1
"2020-05-22 10:40:30",1
"2020-05-22 11:40:30",1
"2020-05-22 12:40:31",1
"2020-05-22 13:40:31",1
"2020-05-22 14:40:30",1
"2020-05-22 15:40:30",1
"2020-05-22 16:40:31",1
"2020-05-22 17:40:30",1
"2020-05-22 18:40:33",1
"2020-05-22 19:40:31",1
"2020-05-22 20:40:29",1
"2020-05-22 21:40:30",1
"2020-05-22 22:40:30",1
"2020-05-22 23:40:30",1
"2020-05-23 00:40:30",1
"2020-05-23 01:40:31",1
"2020-05-23 02:40:33",1
"2020-05-23 03:40:32",1
"2020-05-23 04:40:31",1
"2020-05-23 05:40:30",1
"2020-05-23 06:40:31",1
"2020-05-23 07:40:31",1
"2020-05-23 08:40:31",1
"2020-05-23 09:40:29",1
"2020-05-23 10:40:30",1
"2020-05-23 11:40:32",1
"2020-05-23 12:40:32",1
"2020-05-23 13:40:31",1
"2020-05-23 14:40:31",1
"2020-05-23 15:40:31",1
"2020-05-23 16:40:32",1
"2020-05-23 17:40:30",1
"2020-05-23 18:40:34",1
"2020-05-23 19:40:31",1
"2020-05-23 20:40:31",1
"2020-05-23 21:40:30",1
"2020-05-23 22:40:31",1
"2020-05-23 23:40:32",1
"2020-05-24 00:40:33",1
"2020-05-24 01:40:30",1
"2020-05-24 02:40:31",1
"2020-05-24 03:40:31",1
"2020-05-24 04:40:30",1
"2020-05-24 05:40:31",1
"2020-05-24 06:40:30",1
"2020-05-24 07:40:31",1
"2020-05-24 08:40:34",1
"2020-05-24 09:40:30",1
"2020-05-24 10:40:31",1
"2020-05-24 11:40:31",1
"2020-05-24 12:40:30",1
"2020-05-24 13:40:31",1
"2020-05-24 14:40:32",1
"2020-05-24 15:40:30",1
"2020-05-24 16:40:31",1
"2020-05-24 17:40:31",1
"2020-05-24 18:40:32",1
"2020-05-24 19:40:31",1
"2020-05-24 20:40:31",1
"2020-05-24 21:40:32",1
"2020-05-24 22:40:32",1
"2020-05-24 23:40:30",1
"2020-05-25 00:40:30",1
"2020-05-25 01:40:32",1
"2020-05-25 02:40:30",1
"2020-05-25 03:40:33",1
"2020-05-25 04:40:31",1
"2020-05-25 05:40:39",1
"2020-05-25 06:40:35",1
"2020-05-25 07:40:32",1
"2020-05-25 08:40:32",1
"2020-05-25 09:40:30",1
"2020-05-25 10:40:29",1
"2020-05-25 11:40:32",1
"2020-05-25 12:40:31",1
"2020-05-25 13:40:29",1
"2020-05-25 14:40:31",1
"2020-05-25 15:40:30",1
"2020-05-25 16:40:30",1
"2020-05-25 17:40:31",1
"2020-05-25 18:40:31",1
"2020-05-25 19:40:30",1
"2020-05-25 20:40:33",1
"2020-05-25 21:40:30",1
"2020-05-25 22:40:30",1
"2020-05-25 23:40:30",1
"2020-05-26 00:40:31",1
"2020-05-26 01:40:32",1
"2020-05-26 02:40:30",1
"2020-05-26 03:40:32",1
"2020-05-26 04:40:32",1
"2020-05-26 05:40:30",1
"2020-05-26 06:40:32",1
"2020-05-26 07:40:33",1
"2020-05-26 08:40:32",1
"2020-05-26 09:40:30",1
"2020-05-26 10:40:31",1
"2020-05-26 11:40:32",1
"2020-05-26 12:40:31",1
"2020-05-26 13:40:32",1
"2020-05-26 14:40:32",1
"2020-05-26 15:40:30",1
"2020-05-26 16:40:32",1
"2020-05-26 17:40:31",1
"2020-05-26 18:40:31",1
"2020-05-26 19:40:32",1
"2020-05-26 20:40:30",1
"2020-05-26 21:40:32",1
"2020-05-26 22:40:29",1
"2020-05-26 23:40:31",1
"2020-05-27 00:40:34",1
"2020-05-27 01:40:30",1
"2020-05-27 02:40:32",1
"2020-05-27 03:40:30",1
"2020-05-27 04:40:31",1
"2020-05-27 05:40:31",1
"2020-05-27 06:40:32",1
"2020-05-27 07:40:31",1
"2020-05-27 08:40:30",1
"2020-05-27 09:40:31",1
"2020-05-27 10:40:30",1
"2020-05-27 11:40:30",1
"2020-05-27 13:05:56",1
"2020-05-27 13:40:31",1
"2020-05-27 14:40:31",1
"2020-05-27 15:40:30",1
"2020-05-27 16:40:31",1
"2020-05-27 17:40:30",1
"2020-05-27 18:40:29",1
"2020-05-27 19:40:31",1
"2020-05-27 20:40:31",1
"2020-05-27 21:40:33",1
"2020-05-27 22:40:30",1
"2020-05-27 23:40:30",1
"2020-05-28 00:40:30",1
"2020-05-28 01:40:32",1
"2020-05-28 02:40:30",1
"2020-05-28 03:40:30",1
"2020-05-28 04:40:30",1
"2020-05-28 05:40:31",1
"2020-05-28 06:40:30",1
"2020-05-28 07:40:32",1
"2020-05-28 08:40:31",1
"2020-05-28 09:40:30",1
"2020-05-28 10:40:31",1
"2020-05-28 11:40:31",1
"2020-05-28 13:06:30",1
"2020-05-28 13:40:33",1
"2020-05-28 14:40:33",1
"2020-05-28 15:40:32",1
"2020-05-28 16:40:34",1
"2020-05-28 17:40:33",1
"2020-05-28 18:40:33",1
"2020-05-28 19:40:32",1
"2020-05-28 20:40:34",1
"2020-05-28 21:40:36",1
"2020-05-28 22:40:32",1
"2020-05-28 23:40:33",1
"2020-05-29 00:40:35",1
"2020-05-29 01:40:33",1
"2020-05-29 02:40:34",1
"2020-05-29 03:40:33",1
"2020-05-29 04:40:31",1
"2020-05-29 05:40:32",1
"2020-05-29 06:40:35",1
"2020-05-29 07:40:35",1
"2020-05-29 08:40:35",1
"2020-05-29 09:48:53",1
"2020-05-29 10:40:33",1
"2020-05-29 11:40:32",1
"2020-05-29 12:40:32",1
"2020-05-29 13:40:33",1
"2020-05-29 14:40:34",1
"2020-05-29 15:40:33",1
"2020-05-29 16:40:31",1
"2020-05-29 17:40:32",1
"2020-05-29 18:40:32",1
"2020-05-29 19:40:33",1
"2020-05-29 20:40:34",1
"2020-05-29 21:40:33",1
"2020-05-29 22:40:32",1
"2020-05-29 23:40:33",1
"2020-05-30 00:40:32",1
"2020-05-30 01:40:31",1
"2020-05-30 02:40:31",1
"2020-05-30 03:40:32",1
"2020-05-30 04:40:31",1
"2020-05-30 05:40:34",1
"2020-05-30 06:40:35",1
"2020-05-30 07:40:35",1
"2020-05-30 08:40:33",1
"2020-05-30 09:40:31",1
"2020-05-30 10:40:34",1
"2020-05-30 11:40:31",1
"2020-05-30 12:40:31",1
"2020-05-30 13:40:32",1
"2020-05-30 14:40:32",1
"2020-05-30 15:40:32",1
"2020-05-30 16:40:35",1
"2020-05-30 17:40:32",1
"2020-05-30 18:40:32",1
"2020-05-30 19:40:34",1
"2020-05-30 20:40:33",1
"2020-05-30 21:40:32",1
"2020-05-30 22:40:33",1
"2020-05-30 23:40:32",1
"2020-05-31 00:40:33",1
"2020-05-31 01:40:33",1
"2020-05-31 02:40:32",1
"2020-05-31 03:40:33",1
"2020-05-31 04:40:33",1
"2020-05-31 05:40:34",1
"2020-05-31 06:40:35",1
"2020-05-31 07:40:33",1
"2020-05-31 08:40:32",1
"2020-05-31 09:40:33",1
"2020-05-31 10:40:33",1
"2020-05-31 13:07:17",1
"2020-05-31 13:12:52",1
"2020-06-01 04:43:06",1
"2020-06-01 04:43:37",1
"2020-06-01 04:43:50",1
"2020-06-01 04:44:51",1
"2020-06-01 04:45:39",1
"2020-06-01 04:46:01",1
"2020-06-01 04:46:21",1
"2020-06-01 04:46:25",1
"2020-06-01 04:46:28",1
"2020-06-01 04:48:17",1
"2020-06-01 04:49:32",1
"2020-06-01 04:49:39",1
"2020-06-01 04:50:29",1
"2020-06-01 04:50:59",1
"2020-06-01 04:51:18",1
"2020-06-01 04:51:59",1
"2020-06-01 06:43:12",1
"2020-06-01 06:50:48",1
"2020-06-01 07:40:32",1
"2020-06-01 08:40:33",1
"2020-06-01 09:40:32",1
"2020-06-01 10:40:32",1
"2020-06-01 11:40:33",1
"2020-06-01 13:04:29",1
"2020-06-01 13:40:35",1
"2020-06-01 14:40:34",1
"2020-06-01 15:40:32",1
"2020-06-01 16:40:35",1
"2020-06-01 17:40:35",1
"2020-06-01 18:40:36",1
"2020-06-01 19:40:33",1
"2020-06-01 20:40:33",1
"2020-06-01 21:40:34",1
"2020-06-01 22:40:31",1
"2020-06-01 23:40:32",1
"2020-06-02 00:40:34",1
"2020-06-02 01:40:31",1
"2020-06-02 02:40:33",1
"2020-06-02 03:40:33",1
"2020-06-02 04:40:31",1
"2020-06-02 05:40:32",1
"2020-06-02 06:40:32",1
"2020-06-02 07:40:34",1
"2020-06-02 08:40:32",1
"2020-06-02 09:40:32",1
"2020-06-02 10:40:33",1
"2020-06-02 11:40:32",1
"2020-06-02 12:40:40",1
"2020-06-02 13:40:35",1
"2020-06-02 14:40:35",1
"2020-06-02 15:40:35",1
"2020-06-02 16:40:31",1
"2020-06-02 17:40:35",1
"2020-06-02 18:40:34",1
"2020-06-02 19:40:34",1
"2020-06-02 20:40:34",1
"2020-06-02 21:40:32",1
"2020-06-02 22:40:32",1
"2020-06-02 23:40:31",1
"2020-06-03 00:40:34",1
"2020-06-03 01:40:35",1
"2020-06-03 02:40:31",1
"2020-06-03 03:40:34",1
"2020-06-03 04:40:33",1
"2020-06-03 05:40:31",1
"2020-06-03 06:40:34",1
"2020-06-03 07:40:34",1
"2020-06-03 08:40:31",1
"2020-06-03 09:40:31",1
"2020-06-03 10:40:33",1
"2020-06-03 11:40:31",1
"2020-06-03 13:07:59",1
"2020-06-03 13:40:32",1
"2020-06-03 14:40:32",1
"2020-06-03 15:40:32",1
"2020-06-03 16:40:35",1
"2020-06-03 17:40:37",1
"2020-06-03 18:40:36",1
"2020-06-03 19:40:36",1
"2020-06-03 20:40:31",1
"2020-06-03 21:40:32",1
"2020-06-03 22:40:31",1
"2020-06-03 23:40:32",1
"2020-06-04 00:40:35",1
"2020-06-04 01:40:37",1
"2020-06-04 02:40:32",1
"2020-06-04 03:40:33",1
"2020-06-04 04:40:35",1
"2020-06-04 05:40:31",1
"2020-06-04 06:40:33",1
"2020-06-04 07:40:36",1
"2020-06-04 08:40:35",1
"2020-06-04 09:40:33",1
"2020-06-04 10:40:32",1
"2020-06-04 11:40:33",1
"2020-06-04 12:40:35",1
"2020-06-04 13:40:36",1
"2020-06-04 14:40:37",1
"2020-06-04 15:40:36",1
"2020-06-04 17:06:32",1
"2020-06-04 17:40:33",1
"2020-06-04 18:40:36",1
"2020-06-04 19:40:33",1
"2020-06-04 20:40:36",1
"2020-06-04 21:40:35",1
"2020-06-04 22:40:34",1
"2020-06-04 23:40:35",1
"2020-06-05 00:40:33",1
"2020-06-05 01:40:32",1
"2020-06-05 02:40:34",1
"2020-06-05 03:40:34",1
"2020-06-05 04:40:33",1
"2020-06-05 05:40:34",1
"2020-06-05 06:40:33",1
"2020-06-05 07:40:34",1
"2020-06-05 08:40:37",1
"2020-06-05 09:40:33",1
"2020-06-05 10:40:31",1
"2020-06-05 11:40:33",1
"2020-06-05 13:09:00",1
"2020-06-05 13:40:38",1
"2020-06-05 14:40:36",1
"2020-06-05 15:40:35",1
"2020-06-05 16:40:41",1
"2020-06-05 17:40:36",1
"2020-06-05 18:40:35",1
"2020-06-05 19:40:35",1
"2020-06-05 20:40:39",1
"2020-06-05 21:40:36",1
"2020-06-05 22:40:35",1
"2020-06-05 23:40:35",1
"2020-06-06 00:40:36",1
"2020-06-06 01:40:35",1
"2020-06-06 02:40:36",1
"2020-06-06 03:40:35",1
"2020-06-06 04:40:36",1
"2020-06-06 05:40:37",1
"2020-06-06 06:40:35",1
"2020-06-06 07:40:38",1
"2020-06-06 08:40:36",1
"2020-06-06 09:52:17",1
"2020-06-06 10:40:34",1
"2020-06-06 11:40:35",1
"2020-06-06 12:40:34",1
"2020-06-06 13:40:35",1
"2020-06-06 14:40:37",1
"2020-06-06 15:40:35",1
"2020-06-06 16:40:39",1
"2020-06-06 18:40:36",1
"2020-06-06 19:40:35",1
"2020-06-06 20:40:35",1
"2020-06-06 21:40:35",1
"2020-06-06 22:40:36",1
"2020-06-06 23:40:36",1
"2020-06-07 00:40:36",1
"2020-06-07 01:40:34",1
"2020-06-07 02:40:35",1
"2020-06-07 03:40:36",1
"2020-06-07 04:40:36",1
"2020-06-07 05:40:35",1
"2020-06-07 06:40:38",1
"2020-06-07 07:40:36",1
"2020-06-07 08:40:34",1
"2020-06-08 04:40:34",1
"2020-06-08 05:40:33",1
"2020-06-08 06:40:37",1
"2020-06-08 07:40:34",1
"2020-06-08 08:40:35",1
"2020-06-08 09:40:34",1
"2020-06-08 10:40:34",1
"2020-06-08 11:40:35",1
"2020-06-08 12:40:35",1
"2020-06-08 13:40:33",1
"2020-06-08 14:40:42",1
"2020-06-08 15:40:33",1
"2020-06-08 16:40:36",1
"2020-06-08 17:40:35",1
"2020-06-08 18:40:37",1
"2020-06-08 19:40:38",1
"2020-06-08 20:40:35",1
"2020-06-08 21:40:35",1
"2020-06-08 22:40:34",1
"2020-06-08 23:40:35",1
"2020-06-09 00:40:36",1
"2020-06-09 01:40:37",1
"2020-06-09 02:40:36",1
"2020-06-09 03:40:36",1
"2020-06-09 04:40:40",1
"2020-06-09 05:40:39",1
"2020-06-09 06:40:38",1
"2020-06-09 07:40:36",1
"2020-06-09 08:40:38",1
"2020-06-09 09:40:40",1
"2020-06-09 10:40:35",1
"2020-06-09 11:40:37",1
"2020-06-09 12:40:39",1
"2020-06-09 13:40:37",1
"2020-06-09 14:40:38",1
"2020-06-09 15:40:36",1
"2020-06-09 16:40:41",1
"2020-06-09 17:40:33",1
"2020-06-09 18:40:37",1
"2020-06-09 19:40:38",1
"2020-06-09 20:40:41",1
"2020-06-09 21:40:37",1
"2020-06-09 22:40:37",1
"2020-06-09 23:40:37",1
"2020-06-10 00:40:38",1
"2020-06-10 01:40:38",1
"2020-06-10 02:40:35",1
"2020-06-10 03:40:38",1
"2020-06-10 04:40:36",1
"2020-06-10 05:40:39",1
"2020-06-10 06:40:36",1
"2020-06-10 07:40:34",1
"2020-06-10 08:40:37",1
"2020-06-10 09:40:32",1
"2020-06-10 10:40:32",1
"2020-06-10 11:40:35",1
"2020-06-10 12:40:36",1
"2020-06-10 13:40:35",1
"2020-06-10 14:40:39",1
"2020-06-10 15:40:34",1
"2020-06-10 16:40:37",1
"2020-06-10 17:40:36",1
"2020-06-10 18:40:36",1
"2020-06-10 19:40:34",1
"2020-06-10 20:40:33",1
"2020-06-10 21:40:36",1
"2020-06-10 22:40:33",1
"2020-06-10 23:40:37",1
"2020-06-11 00:40:49",1
"2020-06-11 01:40:34",1
"2020-06-11 02:40:38",1
"2020-06-11 03:40:39",1
"2020-06-11 04:40:35",1
"2020-06-11 05:40:38",1
"2020-06-11 06:40:35",1
"2020-06-11 07:40:35",1
"2020-06-11 08:40:33",1
"2020-06-11 09:40:36",1
"2020-06-11 10:40:34",1
"2020-06-11 11:40:33",1
"2020-06-11 12:40:37",1
"2020-06-11 13:40:43",1
"2020-06-11 14:40:38",1
"2020-06-11 15:40:41",1
"2020-06-11 16:40:46",1
"2020-06-11 17:40:39",1
"2020-06-11 18:40:41",1
"2020-06-11 19:40:38",1
"2020-06-11 20:40:36",1
"2020-06-11 21:40:37",1
"2020-06-11 22:40:35",1
"2020-06-11 23:40:35",1
"2020-06-12 00:40:37",1
"2020-06-12 01:40:37",1
"2020-06-12 02:40:37",1
"2020-06-12 03:40:38",1
"2020-06-12 04:40:37",1
"2020-06-12 05:40:37",1
"2020-06-12 06:40:37",1
"2020-06-12 07:40:38",1
"2020-06-12 08:40:35",1
"2020-06-12 09:40:36",1
"2020-06-12 10:40:39",1
"2020-06-12 11:40:35",1
"2020-06-12 14:08:38",1
"2020-06-12 14:16:38",1
"2020-06-12 14:40:40",1
"2020-06-12 15:40:39",1
"2020-06-12 16:40:39",1
"2020-06-12 17:40:35",1
"2020-06-12 18:40:38",1
"2020-06-12 19:40:37",1
"2020-06-12 20:40:37",1
"2020-06-12 21:40:36",1
"2020-06-12 22:40:35",1
"2020-06-12 23:40:34",1
"2020-06-13 00:40:34",1
"2020-06-13 01:40:35",1
"2020-06-13 02:40:34",1
"2020-06-13 03:40:34",1
"2020-06-13 04:40:34",1
"2020-06-13 05:40:35",1
"2020-06-13 06:40:34",1
"2020-06-13 07:40:34",1
"2020-06-13 08:40:33",1
"2020-06-13 09:40:35",1
"2020-06-13 10:40:34",1
"2020-06-13 11:40:33",1
"2020-06-13 12:40:35",1
"2020-06-13 13:40:35",1
"2020-06-13 14:40:33",1
"2020-06-13 15:40:34",1
"2020-06-13 16:40:37",1
"2020-06-13 17:40:36",1
"2020-06-13 18:40:35",1
"2020-06-13 19:40:35",1
"2020-06-13 20:40:36",1
"2020-06-13 21:40:34",1
"2020-06-13 22:40:35",1
"2020-06-13 23:40:35",1
"2020-06-14 00:40:35",1
"2020-06-14 01:40:33",1
"2020-06-14 02:40:35",1
"2020-06-14 03:40:36",1
"2020-06-14 04:40:33",1
"2020-06-14 05:40:36",1
"2020-06-14 06:40:33",1
"2020-06-14 07:40:36",1
"2020-06-14 08:40:35",1
"2020-06-14 09:40:35",1
"2020-06-14 10:40:35",1
"2020-06-14 11:40:36",1
"2020-06-14 12:40:33",1
"2020-06-14 13:40:34",1
"2020-06-14 14:40:36",1
"2020-06-14 15:40:33",1
"2020-06-14 16:40:33",1
"2020-06-14 17:40:36",1
"2020-06-14 18:40:34",1
"2020-06-14 19:40:33",1
"2020-06-14 20:40:34",1
"2020-06-14 21:40:34",1
"2020-06-14 22:40:33",1
"2020-06-14 23:40:34",1
"2020-06-15 00:40:37",1
"2020-06-15 01:40:37",1
"2020-06-15 02:40:35",1
"2020-06-15 03:40:34",1
"2020-06-15 04:40:35",1
"2020-06-15 05:40:39",1
"2020-06-15 06:40:34",1
"2020-06-15 07:40:34",1
"2020-06-15 08:40:35",1
"2020-06-15 09:40:36",1
"2020-06-15 10:40:33",1
"2020-06-15 11:40:34",1
"2020-06-15 12:40:36",1
"2020-06-15 13:40:39",1
"2020-06-15 14:40:37",1
"2020-06-15 15:40:35",1
"2020-06-15 16:40:37",1
"2020-06-15 17:40:35",1
"2020-06-15 18:39:32",1
"2020-06-15 18:47:18",1
"2020-06-15 18:54:56",1
"2020-06-15 19:02:38",1
"2020-06-15 19:10:21",1
"2020-06-15 19:18:11",1
"2020-06-15 19:25:54",1
"2020-06-15 19:33:34",1
"2020-06-15 19:41:13",1
"2020-06-15 19:48:52",1
"2020-06-15 19:56:37",1
"2020-06-15 20:04:23",1
"2020-06-15 20:09:25",1
"2020-06-15 20:17:05",1
"2020-06-15 20:24:43",1
"2020-06-15 20:32:22",1
"2020-06-15 20:39:59",1
"2020-06-15 20:47:37",1
"2020-06-15 20:55:17",1
"2020-06-15 21:02:58",1
"2020-06-15 21:10:42",1
"2020-06-15 21:18:19",1
"2020-06-15 21:25:56",1
"2020-06-15 21:33:33",1
"2020-06-15 21:41:11",1
"2020-06-15 21:48:49",1
"2020-06-15 22:40:33",1
"2020-06-15 23:40:35",1
"2020-06-16 00:40:36",1
"2020-06-16 01:40:33",1
"2020-06-16 02:40:37",1
"2020-06-16 03:40:33",1
"2020-06-16 04:40:33",1
"2020-06-16 05:40:33",1
"2020-06-16 06:40:37",1
"2020-06-16 07:40:36",1
"2020-06-16 08:40:35",1
"2020-06-16 09:40:33",1
"2020-06-16 10:40:34",1
"2020-06-16 11:40:33",1
"2020-06-16 12:40:35",1
"2020-06-16 13:40:34",1
"2020-06-16 14:40:37",1
"2020-06-16 15:40:34",1
"2020-06-16 16:40:34",1
"2020-06-16 17:40:36",1
"2020-06-16 18:40:35",1
"2020-06-16 19:40:38",1
"2020-06-16 20:40:36",1
"2020-06-16 21:40:37",1
"2020-06-16 22:40:36",1
"2020-06-16 23:40:36",1
"2020-06-17 00:40:37",1
"2020-06-17 01:40:38",1
"2020-06-17 02:40:37",1
"2020-06-17 03:40:36",1
"2020-06-17 04:40:37",1
"2020-06-17 05:40:37",1
"2020-06-17 06:40:40",1
"2020-06-17 07:40:37",1
"2020-06-17 08:40:35",1
"2020-06-17 09:40:37",1
"2020-06-17 10:40:35",1
"2020-06-17 11:40:37",1
"2020-06-17 12:40:36",1
"2020-06-17 13:40:40",1
"2020-06-17 14:40:36",1
"2020-06-17 15:40:40",1
"2020-06-17 16:40:41",1
"2020-06-17 17:40:38",1
"2020-06-17 18:40:38",1
"2020-06-17 19:40:40",1
"2020-06-17 20:40:40",1
"2020-06-17 21:40:39",1
"2020-06-17 22:40:36",1
"2020-06-17 23:40:38",1
"2020-06-18 00:40:38",1
"2020-06-18 01:40:37",1
"2020-06-18 02:40:39",1
"2020-06-18 03:40:39",1
"2020-06-18 04:40:38",1
"2020-06-18 05:40:38",1
"2020-06-18 06:40:37",1
"2020-06-18 07:40:38",1
"2020-06-18 08:40:36",1
"2020-06-18 09:40:37",1
"2020-06-18 10:40:36",1
"2020-06-18 11:40:37",1
"2020-06-18 12:40:37",1
"2020-06-18 13:40:39",1
"2020-06-18 14:40:38",1
"2020-06-18 17:02:39",1
"2020-06-18 17:40:40",1
"2020-06-18 18:40:39",1
"2020-06-18 19:40:37",1
"2020-06-18 20:40:37",1
"2020-06-18 21:40:40",1
"2020-06-18 22:40:37",1
"2020-06-18 23:40:40",1
"2020-06-19 00:40:41",1
"2020-06-19 01:40:36",1
"2020-06-19 02:40:38",1
"2020-06-19 03:40:41",1
"2020-06-19 04:41:21",1
"2020-06-19 05:40:39",1
"2020-06-19 06:40:36",1
"2020-06-19 07:40:42",1
"2020-06-19 08:40:40",1
"2020-06-19 09:40:39",1
"2020-06-19 10:40:38",1
"2020-06-19 11:40:35",1
"2020-06-19 13:06:31",1
"2020-06-19 13:40:39",1
"2020-06-19 14:40:38",1
"2020-06-19 15:40:40",1
"2020-06-19 16:40:39",1
"2020-06-19 17:40:42",1
"2020-06-19 18:40:36",2
"2020-06-19 19:40:38",2
"2020-06-19 20:40:38",2
"2020-06-19 21:40:36",2
"2020-06-19 22:40:40",2
"2020-06-19 23:40:40",2
"2020-06-20 00:40:40",2
"2020-06-20 01:40:38",2
"2020-06-20 02:40:38",2
"2020-06-20 03:40:37",2
"2020-06-20 04:40:35",2
"2020-06-20 05:40:39",2
"2020-06-20 06:40:38",2
"2020-06-20 07:40:38",2
"2020-06-20 08:40:40",2
"2020-06-20 09:40:38",2
"2020-06-20 10:40:37",2
"2020-06-20 11:40:38",2
"2020-06-20 12:40:40",2
"2020-06-20 13:40:38",2
"2020-06-20 14:40:41",2
"2020-06-20 15:40:37",2
"2020-06-20 16:40:40",2
"2020-06-20 17:40:37",2
"2020-06-20 18:40:39",2
"2020-06-20 19:40:39",2
"2020-06-20 20:40:39",2
"2020-06-20 21:40:38",2
"2020-06-20 22:40:38",2
"2020-06-20 23:40:39",2
"2020-06-21 00:40:39",2
"2020-06-21 01:40:41",2
"2020-06-21 02:40:38",2
"2020-06-21 03:40:42",2
"2020-06-21 04:40:39",2
"2020-06-21 05:40:41",2
"2020-06-21 06:40:39",2
"2020-06-21 07:40:39",2
"2020-06-21 08:40:36",2
"2020-06-21 09:40:39",2
"2020-06-21 10:40:36",2
"2020-06-21 11:40:39",2
"2020-06-21 12:40:39",2
"2020-06-21 13:40:40",2
"2020-06-21 14:40:43",2
"2020-06-21 15:40:40",2
"2020-06-21 16:40:38",2
"2020-06-21 17:40:40",2
"2020-06-21 18:40:40",2
"2020-06-21 19:40:40",2
"2020-06-21 20:40:38",2
"2020-06-21 21:40:38",2
"2020-06-21 22:40:40",2
"2020-06-21 23:40:42",2
"2020-06-22 00:40:40",2
"2020-06-22 01:40:40",2
"2020-06-22 02:40:39",2
"2020-06-22 03:40:40",2
"2020-06-22 04:40:39",2
"2020-06-22 05:40:41",2
"2020-06-22 06:40:38",2
"2020-06-22 07:40:37",2
"2020-06-22 08:40:40",2
"2020-06-22 09:40:40",2
"2020-06-22 10:40:43",2
"2020-06-22 11:40:36",2
"2020-06-22 12:40:40",2
"2020-06-22 13:40:40",2
"2020-06-22 14:40:41",3
"2020-06-22 15:40:41",3
"2020-06-22 16:40:41",3
"2020-06-22 17:40:41",3
"2020-06-22 18:40:41",3
"2020-06-22 19:40:42",3
"2020-06-22 20:40:38",3
"2020-06-22 21:40:39",3
"2020-06-22 22:40:36",3
"2020-06-22 23:40:38",3
"2020-06-23 00:40:38",3
"2020-06-23 01:40:40",3
"2020-06-23 02:40:42",3
"2020-06-23 03:40:40",3
"2020-06-23 04:40:40",3
"2020-06-23 05:40:46",3
"2020-06-23 06:40:39",3
"2020-06-23 07:40:38",3
"2020-06-23 08:40:42",3
"2020-06-23 09:40:41",3
"2020-06-23 10:40:39",3
"2020-06-23 11:40:37",3
"2020-06-23 12:40:39",3
"2020-06-23 13:40:40",3
"2020-06-23 14:40:41",3
"2020-06-23 15:40:47",2
"2020-06-23 16:40:39",2
"2020-06-23 17:40:40",2
"2020-06-23 18:40:43",2
"2020-06-23 19:40:40",2
"2020-06-23 20:40:42",2
"2020-06-23 21:40:37",2
"2020-06-23 22:40:40",2
"2020-06-23 23:40:42",2
"2020-06-24 00:40:41",2
"2020-06-24 01:40:44",2
"2020-06-24 02:40:40",2
"2020-06-24 03:40:39",2
"2020-06-24 04:40:41",2
"2020-06-24 05:40:42",2
"2020-06-24 06:40:40",2
"2020-06-24 07:40:41",2
"2020-06-24 08:40:39",2
"2020-06-24 09:40:39",2
"2020-06-24 10:40:46",2
"2020-06-24 11:40:38",2
"2020-06-24 12:40:40",2
"2020-06-24 13:40:41",2
"2020-06-24 14:40:42",3
"2020-06-24 15:40:38",3
"2020-06-24 16:40:40",3
"2020-06-24 17:40:44",3
"2020-06-24 18:40:40",3
"2020-06-24 19:40:41",3
"2020-06-24 20:40:40",3
"2020-06-24 21:40:38",3
"2020-06-24 22:40:38",3
"2020-06-24 23:40:41",3
"2020-06-25 00:40:42",3
"2020-06-25 01:40:38",3
"2020-06-25 02:40:39",3
"2020-06-25 03:40:39",3
"2020-06-25 04:40:39",3
"2020-06-25 05:40:39",3
"2020-06-25 06:40:42",3
"2020-06-25 07:40:41",3
"2020-06-25 08:40:38",3
"2020-06-25 09:40:41",3
"2020-06-25 10:40:37",3
"2020-06-25 11:40:44",3
"2020-06-25 13:05:32",3
"2020-06-25 13:40:42",3
"2020-06-25 14:40:47",3
"2020-06-25 15:40:43",3
"2020-06-25 16:40:43",3
"2020-06-25 17:40:41",3
"2020-06-25 18:40:41",3
"2020-06-25 19:40:41",3
"2020-06-25 20:40:39",3
"2020-06-25 21:40:41",3
"2020-06-25 22:40:41",3
"2020-06-25 23:40:40",3
"2020-06-26 00:40:44",3
"2020-06-26 01:40:43",3
"2020-06-26 02:40:42",3
"2020-06-26 03:40:41",3
"2020-06-26 04:40:38",3
"2020-06-26 05:40:39",3
"2020-06-26 06:40:41",3
"2020-06-26 07:40:41",3
"2020-06-26 08:40:42",3
"2020-06-26 09:40:37",3
"2020-06-26 10:40:39",3
"2020-06-26 11:40:40",3
"2020-06-26 12:40:44",3
"2020-06-26 13:40:44",3
"2020-06-26 14:40:42",3
"2020-06-26 15:40:43",3
"2020-06-26 16:40:43",3
"2020-06-26 17:40:44",3
"2020-06-26 18:40:41",3
"2020-06-26 19:40:44",3
"2020-06-26 20:40:43",3
"2020-06-26 21:40:44",3
"2020-06-26 22:40:43",3
"2020-06-26 23:40:42",3
"2020-06-27 00:40:44",3
"2020-06-27 01:40:46",3
"2020-06-27 02:40:44",3
"2020-06-27 03:40:45",3
"2020-06-27 04:40:45",3
"2020-06-27 05:40:41",3
"2020-06-27 06:40:43",3
"2020-06-27 07:40:42",3
"2020-06-27 08:40:40",3
"2020-06-27 09:40:42",3
"2020-06-27 10:40:41",3
"2020-06-27 11:40:41",3
"2020-06-27 12:40:43",3
"2020-06-27 13:40:44",3
"2020-06-27 14:40:40",3
"2020-06-27 15:40:47",3
"2020-06-27 16:40:40",3
"2020-06-27 17:40:42",3
"2020-06-27 18:40:44",3
"2020-06-27 19:40:41",3
"2020-06-27 20:40:41",3
"2020-06-27 21:40:42",3
"2020-06-27 22:40:41",3
"2020-06-27 23:40:41",3
"2020-06-28 00:40:45",3
"2020-06-28 01:40:40",3
"2020-06-28 02:40:42",3
"2020-06-28 03:40:43",3
"2020-06-28 04:40:40",3
"2020-06-28 05:40:42",3
"2020-06-28 06:40:40",3
"2020-06-28 07:40:42",3
"2020-06-28 08:40:42",3
"2020-06-28 09:40:41",3
"2020-06-28 10:40:42",3
"2020-06-28 11:40:40",3
"2020-06-28 12:40:42",3
"2020-06-28 13:40:42",3
"2020-06-28 14:40:41",3
"2020-06-28 15:40:43",3
"2020-06-28 16:40:42",3
"2020-06-28 17:40:40",3
"2020-06-28 18:40:41",3
"2020-06-28 19:40:42",3
"2020-06-28 20:40:40",3
"2020-06-28 21:40:42",3
"2020-06-28 22:40:43",3
"2020-06-28 23:40:41",3
"2020-06-29 00:40:46",3
"2020-06-29 01:40:40",3
"2020-06-29 02:40:43",3
"2020-06-29 03:40:42",3
"2020-06-29 04:40:43",3
"2020-06-29 05:40:41",3
"2020-06-29 06:40:44",3
"2020-06-29 07:40:42",3
"2020-06-29 08:40:42",3
"2020-06-29 09:40:43",3
"2020-06-29 10:40:45",3
"2020-06-29 11:40:41",3
"2020-06-29 12:40:47",3
"2020-06-29 13:40:46",3
"2020-06-29 14:40:48",3
"2020-06-29 15:40:42",3
"2020-06-29 16:40:43",4
"2020-06-29 17:40:42",4
"2020-06-29 18:40:43",4
"2020-06-29 19:40:41",4
"2020-06-29 20:40:42",4
"2020-06-29 21:40:41",4
"2020-06-29 22:40:42",4
"2020-06-29 23:40:44",4
"2020-06-30 00:40:44",4
"2020-06-30 01:40:46",4
"2020-06-30 02:40:49",4
"2020-06-30 03:40:41",4
"2020-06-30 04:40:44",4
"2020-06-30 05:40:47",4
"2020-06-30 06:40:44",4
"2020-06-30 07:40:42",4
"2020-06-30 08:40:42",4
"2020-06-30 09:40:45",4
"2020-06-30 10:40:42",4
"2020-06-30 11:40:40",4
"2020-06-30 12:40:43",4
"2020-06-30 13:40:50",4
"2020-06-30 14:40:46",4
"2020-06-30 15:40:45",4
"2020-06-30 16:40:46",4
"2020-06-30 17:40:42",4
"2020-06-30 18:40:44",4
"2020-06-30 19:40:43",4
"2020-06-30 20:40:43",4
"2020-06-30 21:40:43",4
"2020-06-30 22:40:41",4
"2020-06-30 23:40:44",4
"2020-07-01 00:40:51",4
"2020-07-01 01:40:44",4
"2020-07-01 02:40:46",4
"2020-07-01 03:40:44",4
"2020-07-01 04:40:45",4
"2020-07-01 05:40:43",4
"2020-07-01 06:40:43",4
"2020-07-01 07:40:43",4
"2020-07-01 08:40:44",4
"2020-07-01 09:40:49",4
"2020-07-01 10:40:49",4
"2020-07-01 11:40:43",4
"2020-07-01 13:05:08",4
"2020-07-01 13:40:46",4
"2020-07-01 14:40:46",4
"2020-07-01 15:40:45",4
"2020-07-01 16:40:46",4
"2020-07-01 17:40:44",4
"2020-07-01 18:40:43",4
"2020-07-01 19:40:46",4
"2020-07-01 20:40:44",4
"2020-07-01 21:40:44",4
"2020-07-01 22:40:44",4
"2020-07-01 23:40:46",4
"2020-07-02 00:40:48",4
"2020-07-02 01:40:43",4
"2020-07-02 02:40:43",4
"2020-07-02 03:40:45",4
"2020-07-02 04:40:44",4
"2020-07-02 05:40:43",4
"2020-07-02 06:40:43",4
"2020-07-02 07:40:42",4
"2020-07-02 08:40:41",4
"2020-07-02 09:40:43",4
"2020-07-02 10:40:43",4
"2020-07-02 11:40:42",4
"2020-07-02 13:08:08",4
"2020-07-02 13:40:52",4
"2020-07-02 14:40:46",4
"2020-07-02 15:40:45",4
"2020-07-02 16:40:46",4
"2020-07-02 17:40:48",4
"2020-07-02 18:40:47",4
"2020-07-02 19:40:46",4
"2020-07-02 20:40:42",4
"2020-07-02 21:40:46",4
"2020-07-02 22:40:42",4
"2020-07-02 23:40:43",4
"2020-07-03 00:40:48",4
"2020-07-03 01:40:46",4
"2020-07-03 02:40:45",4
"2020-07-03 03:40:45",4
"2020-07-03 04:40:49",4
"2020-07-03 05:40:43",4
"2020-07-03 06:40:43",4
"2020-07-03 07:40:43",4
"2020-07-03 08:40:43",4
"2020-07-03 09:40:47",4
"2020-07-03 10:40:43",4
"2020-07-03 11:40:44",4
"2020-07-03 12:40:42",4
"2020-07-03 13:40:43",4
"2020-07-03 14:40:45",4
"2020-07-03 15:40:42",4
"2020-07-03 16:40:44",4
"2020-07-03 17:40:44",4
"2020-07-03 18:40:47",4
"2020-07-03 19:40:43",4
"2020-07-03 20:40:43",4
"2020-07-03 21:40:45",4
"2020-07-03 22:40:42",4
"2020-07-03 23:40:44",4
"2020-07-04 00:40:43",4
"2020-07-04 01:40:44",4
"2020-07-04 02:40:46",4
"2020-07-04 03:40:45",4
"2020-07-04 04:40:43",4
"2020-07-04 05:40:45",4
"2020-07-04 06:40:44",4
"2020-07-04 07:40:44",4
"2020-07-04 08:40:42",4
"2020-07-04 09:40:43",4
"2020-07-04 11:35:10",4
"2020-07-04 11:43:01",4
"2020-07-04 12:40:45",4
"2020-07-04 13:40:44",4
"2020-07-04 14:40:45",4
"2020-07-04 15:40:41",4
"2020-07-04 16:40:45",4
"2020-07-04 17:40:43",4
"2020-07-04 18:40:43",4
"2020-07-04 19:40:41",4
"2020-07-04 20:40:46",4
"2020-07-04 21:40:43",4
"2020-07-04 22:40:42",4
"2020-07-04 23:40:45",4
"2020-07-05 00:40:44",4
"2020-07-05 01:40:43",4
"2020-07-05 02:40:42",4
"2020-07-05 03:40:43",4
"2020-07-05 04:40:42",4
"2020-07-05 05:40:43",4
"2020-07-05 06:40:44",4
"2020-07-05 07:40:44",4
"2020-07-05 08:40:44",4
"2020-07-05 09:40:44",4
"2020-07-05 11:32:02",4
"2020-07-05 11:44:30",4
"2020-07-05 12:40:43",4
"2020-07-05 13:40:45",4
"2020-07-05 14:40:42",4
"2020-07-05 15:40:44",4
"2020-07-05 16:40:46",4
"2020-07-05 17:40:42",4
"2020-07-05 18:40:44",4
"2020-07-05 19:40:43",4
"2020-07-05 20:40:43",4
"2020-07-05 21:40:44",4
"2020-07-05 22:40:43",4
"2020-07-05 23:40:42",4
"2020-07-06 00:40:44",4
"2020-07-06 01:40:45",4
"2020-07-06 02:40:44",4
"2020-07-06 03:40:43",4
"2020-07-06 04:40:42",4
"2020-07-06 05:40:42",4
"2020-07-06 06:40:45",4
"2020-07-06 07:40:44",4
"2020-07-06 08:40:46",4
